lucene/core/src/java/org/apache/lucene/search/BooleanQuery.java_4967543d68357626ab3c1ddf65c29f1f772adbe9,8,3,11,34.04255319148936,1
lucene/highlighter/src/test/org/apache/lucene/search/vectorhighlight/FieldQueryTest.java_048c4f527f38e8ab935170890274161f257a896a,0,7,7,30.0,1
lucene/spatial/src/java/org/apache/lucene/spatial/spatial4j/geo3d/GeoPolygonFactory.java_4412ea56b890271f783b0ba75f5209a7b7c0689c,0,1,1,100.0,1
lucene/core/src/test/org/apache/lucene/index/TestIndexableField.java_048c4f527f38e8ab935170890274161f257a896a,5,4,9,41.37931034482759,1
lucene/spatial/src/java/org/apache/lucene/spatial/spatial4j/geo3d/GeoSizeable.java_594baa6351eb19515efc5b46f6ec35cb34645149,0,1,1,100.0,1
lucene/spatial/src/java/org/apache/lucene/spatial/spatial4j/geo3d/GeoPath.java_cc2310f042ceffa8408b1368d3701779543dd355,0,1,1,100.0,1
lucene/spatial/src/java/org/apache/lucene/spatial/spatial4j/geo3d/Vector.java_4412ea56b890271f783b0ba75f5209a7b7c0689c,0,1,1,100.0,1
lucene/spatial/src/java/org/apache/lucene/spatial/spatial4j/geo3d/GeoWideRectangle.java_4412ea56b890271f783b0ba75f5209a7b7c0689c,0,1,1,100.0,1
lucene/spatial/src/test/org/apache/lucene/spatial/spatial4j/Geo3dShapeRectRelationTest.java_4412ea56b890271f783b0ba75f5209a7b7c0689c,0,1,1,100.0,1
lucene/core/src/test/org/apache/lucene/search/TestConjunctions.java_048c4f527f38e8ab935170890274161f257a896a,0,4,4,42.857142857142854,1
lucene/spatial/src/java/org/apache/lucene/spatial/spatial4j/geo3d/GeoDegenerateLongitudeSlice.java_4412ea56b890271f783b0ba75f5209a7b7c0689c,0,1,1,100.0,1
lucene/spatial/src/java/org/apache/lucene/spatial/spatial4j/geo3d/GeoPath.java_9d78eea0e6fb0c92d49a651c5d9f6346f73b005c,0,1,1,100.0,1
lucene/spatial/src/java/org/apache/lucene/spatial/spatial4j/package-info.java_707b2fa5bad5e43b6f4356a1f431ffe362df245d,0,1,1,5.263157894736842,1
lucene/sandbox/src/java/org/apache/lucene/bkdtree/BKDPointInBBoxQuery.java_048c4f527f38e8ab935170890274161f257a896a,0,1,1,100.0,1
lucene/spatial/src/java/org/apache/lucene/spatial/spatial4j/geo3d/GeoPoint.java_49fa948c88d487f9d2d0fb3932d54c6dd8e62d82,0,1,1,5.263157894736842,1
lucene/spatial/src/java/org/apache/lucene/spatial/spatial4j/geo3d/GeoMembershipShape.java_594baa6351eb19515efc5b46f6ec35cb34645149,0,1,1,100.0,1
lucene/test-framework/src/java/org/apache/lucene/search/QueryUtils.java_94fc21d5d8ed8453f9321bcf5cd0cd1728a1ed9e,3,6,9,32.432432432432435,1
lucene/spatial/src/java/org/apache/lucene/spatial/spatial4j/geo3d/GeoBaseExtendedShape.java_f7ae502cb7675776398fb8045d87f38238cdd0a6,0,1,1,100.0,1
lucene/spatial/src/java/org/apache/lucene/spatial/spatial4j/geo3d/GeoDistance.java_4412ea56b890271f783b0ba75f5209a7b7c0689c,0,0,0,0.0,1
lucene/core/src/java/org/apache/lucene/search/TermQuery.java_6b0a2d6b1cac0b7d9083e5caa0e7055903d55644,3,4,7,33.33333333333333,1
lucene/spatial/src/java/org/apache/lucene/spatial/spatial4j/geo3d/GeoSouthRectangle.java_594baa6351eb19515efc5b46f6ec35cb34645149,0,1,1,100.0,1
lucene/spatial/src/java/org/apache/lucene/spatial/spatial4j/geo3d/GeoCompositeMembershipShape.java_594baa6351eb19515efc5b46f6ec35cb34645149,0,1,1,100.0,1
lucene/core/src/java/org/apache/lucene/codecs/PostingsFormat.java_ab8dac54e97f02dbd77542c3a54e819172c9d731,0,6,6,40.0,1
solr/core/src/java/org/apache/solr/handler/component/QueryComponent.java_048c4f527f38e8ab935170890274161f257a896a,0,7,7,40.0,1
lucene/core/src/java/org/apache/lucene/search/DocValuesTermsQuery.java_c99b68bffdecf3a329500a17a2bd594c9f7ffe06,0,3,3,40.0,1
lucene/core/src/test/org/apache/lucene/search/TestPrefixInBooleanQuery.java_048c4f527f38e8ab935170890274161f257a896a,0,5,5,37.5,1
lucene/spatial/src/test/org/apache/lucene/spatial/spatial4j/geo3d/PlaneTest.java_4412ea56b890271f783b0ba75f5209a7b7c0689c,0,1,1,100.0,1
lucene/spatial/src/java/org/apache/lucene/spatial/spatial4j/geo3d/package-info.java_707b2fa5bad5e43b6f4356a1f431ffe362df245d,0,1,1,100.0,1
lucene/queryparser/src/java/org/apache/lucene/queryparser/flexible/standard/builders/MatchNoDocsQueryNodeBuilder.java_048c4f527f38e8ab935170890274161f257a896a,0,2,2,50.0,1
lucene/spatial/src/java/org/apache/lucene/spatial/spatial4j/geo3d/GeoRectangle.java_aea3569525bd2bb536b2eaeb0817183dfc28c6cf,0,1,1,100.0,1
lucene/analysis/common/src/test/org/apache/lucene/analysis/shingle/ShingleAnalyzerWrapperTest.java_048c4f527f38e8ab935170890274161f257a896a,0,8,8,35.294117647058826,1
lucene/core/src/java/org/apache/lucene/search/DocValuesRangeQuery.java_c99b68bffdecf3a329500a17a2bd594c9f7ffe06,0,3,3,60.0,1
solr/core/src/java/org/apache/solr/schema/CurrencyField.java_048c4f527f38e8ab935170890274161f257a896a,5,7,12,20.588235294117645,1
lucene/spatial/src/test/org/apache/lucene/spatial/spatial4j/Geo3dShapeRectRelationTest.java_fc2d5dba3009b03288135654fed6620f47531591,0,1,1,100.0,1
lucene/spatial/src/java/org/apache/lucene/spatial/spatial4j/geo3d/GeoWorld.java_4412ea56b890271f783b0ba75f5209a7b7c0689c,0,1,1,100.0,1
lucene/queryparser/src/java/org/apache/lucene/queryparser/simple/SimpleQueryParser.java_048c4f527f38e8ab935170890274161f257a896a,0,2,2,75.0,1
lucene/queries/src/test/org/apache/lucene/queries/function/TestLongNormValueSource.java_94fc21d5d8ed8453f9321bcf5cd0cd1728a1ed9e,0,3,3,50.0,1
lucene/spatial/src/java/org/apache/lucene/spatial/spatial4j/geo3d/GeoArea.java_4412ea56b890271f783b0ba75f5209a7b7c0689c,0,1,1,100.0,1
lucene/spatial/src/java/org/apache/lucene/spatial/spatial4j/geo3d/GeoWideLongitudeSlice.java_594baa6351eb19515efc5b46f6ec35cb34645149,0,1,1,100.0,1
lucene/core/src/java/org/apache/lucene/util/NamedSPILoader.java_ab8dac54e97f02dbd77542c3a54e819172c9d731,0,5,5,41.66666666666667,1
lucene/spatial/src/java/org/apache/lucene/spatial/spatial4j/geo3d/GeoCircle.java_cc2310f042ceffa8408b1368d3701779543dd355,0,1,1,100.0,1
lucene/core/src/test/org/apache/lucene/search/TestNeedsScores.java_048c4f527f38e8ab935170890274161f257a896a,0,2,2,60.0,1
lucene/spatial/src/java/org/apache/lucene/spatial/spatial4j/geo3d/GeoDegeneratePoint.java_4412ea56b890271f783b0ba75f5209a7b7c0689c,0,1,1,100.0,1
lucene/spatial/src/java/org/apache/lucene/spatial/spatial4j/geo3d/SidedPlane.java_4412ea56b890271f783b0ba75f5209a7b7c0689c,0,1,1,100.0,1
lucene/spatial/src/java/org/apache/lucene/spatial/spatial4j/geo3d/GeoDegenerateLongitudeSlice.java_aea3569525bd2bb536b2eaeb0817183dfc28c6cf,0,1,1,100.0,1
lucene/core/src/test/org/apache/lucene/search/TestCachingWrapperQuery.java_048c4f527f38e8ab935170890274161f257a896a,0,0,0,0.0,1
lucene/core/src/java/org/apache/lucene/search/BooleanQuery.java_048c4f527f38e8ab935170890274161f257a896a,8,3,11,35.55555555555556,1
lucene/spatial/src/java/org/apache/lucene/spatial/spatial4j/geo3d/GeoWideDegenerateHorizontalLine.java_4412ea56b890271f783b0ba75f5209a7b7c0689c,0,1,1,100.0,1
lucene/core/src/test/org/apache/lucene/search/TestDocValuesScoring.java_94fc21d5d8ed8453f9321bcf5cd0cd1728a1ed9e,0,6,6,38.88888888888889,1
lucene/core/src/test/org/apache/lucene/search/TestBooleanQueryVisitSubscorers.java_c99b68bffdecf3a329500a17a2bd594c9f7ffe06,0,6,6,29.411764705882355,1
lucene/spatial/src/java/org/apache/lucene/spatial/spatial4j/geo3d/GeoDegeneratePoint.java_594baa6351eb19515efc5b46f6ec35cb34645149,0,1,1,100.0,1
solr/core/src/test/org/apache/solr/search/similarities/BaseSimilarityTestCase.java_94fc21d5d8ed8453f9321bcf5cd0cd1728a1ed9e,0,2,2,66.66666666666666,1
lucene/spatial/src/java/org/apache/lucene/spatial/vector/PointVectorStrategy.java_048c4f527f38e8ab935170890274161f257a896a,0,3,3,40.0,1
lucene/core/src/java/org/apache/lucene/search/spans/SpanNearQuery.java_57917b1acc35d0cee2d246e8dee6e4e99c1dd439,0,8,8,30.0,1
lucene/spatial/src/java/org/apache/lucene/spatial/spatial4j/geo3d/GeoBBox.java_594baa6351eb19515efc5b46f6ec35cb34645149,0,1,1,100.0,1
lucene/core/src/test/org/apache/lucene/search/TestPrefixQuery.java_7c750fe4e1c8a726b2ea3763a38cdd4998220219,0,6,6,37.5,1
lucene/classification/src/java/org/apache/lucene/classification/SimpleNaiveBayesClassifier.java_048c4f527f38e8ab935170890274161f257a896a,5,2,7,70.0,1
lucene/queries/src/java/org/apache/lucene/queries/TermsQuery.java_048c4f527f38e8ab935170890274161f257a896a,0,3,3,81.81818181818183,1
lucene/spatial/src/java/org/apache/lucene/spatial/spatial4j/geo3d/GeoPolygonFactory.java_49fa948c88d487f9d2d0fb3932d54c6dd8e62d82,0,1,1,5.263157894736842,1
lucene/spatial/src/java/org/apache/lucene/spatial/spatial4j/geo3d/GeoBBoxFactory.java_4412ea56b890271f783b0ba75f5209a7b7c0689c,0,1,1,100.0,1
lucene/spatial/src/java/org/apache/lucene/spatial/spatial4j/geo3d/GeoLatitudeZone.java_aea3569525bd2bb536b2eaeb0817183dfc28c6cf,0,1,1,100.0,1
lucene/core/src/java/org/apache/lucene/search/BooleanClause.java_048c4f527f38e8ab935170890274161f257a896a,0,3,3,33.33333333333333,1
lucene/sandbox/src/test/org/apache/lucene/search/TestTermAutomatonQuery.java_048c4f527f38e8ab935170890274161f257a896a,0,5,5,33.33333333333333,1
lucene/spatial/src/java/org/apache/lucene/spatial/spatial4j/geo3d/GeoDegenerateVerticalLine.java_594baa6351eb19515efc5b46f6ec35cb34645149,0,1,1,100.0,1
solr/core/src/java/org/apache/solr/search/LuceneQueryOptimizer.java_048c4f527f38e8ab935170890274161f257a896a,0,1,1,100.0,1
lucene/queries/src/java/org/apache/lucene/queries/function/valuesource/TFValueSource.java_94fc21d5d8ed8453f9321bcf5cd0cd1728a1ed9e,0,7,7,41.66666666666667,1
lucene/benchmark/src/java/org/apache/lucene/benchmark/quality/utils/SimpleQQParser.java_048c4f527f38e8ab935170890274161f257a896a,0,5,5,42.857142857142854,1
lucene/core/src/test/org/apache/lucene/search/TestFieldValueQuery.java_048c4f527f38e8ab935170890274161f257a896a,0,0,0,0.0,1
lucene/core/src/java/org/apache/lucene/search/BooleanQuery.java_73d781ec9abf0092398b30ce83fc66c3ff9a34f0,8,3,11,34.78260869565217,1
lucene/core/src/java/org/apache/lucene/index/SegmentInfos.java_c77d5fb32e85403ad070580dd845177c515ee967,6,3,9,46.75324675324675,1
lucene/queryparser/src/java/org/apache/lucene/queryparser/surround/query/SpanNearClauseFactory.java_048c4f527f38e8ab935170890274161f257a896a,0,3,3,50.0,1
lucene/spatial/src/java/org/apache/lucene/spatial/spatial4j/geo3d/GeoAreaFactory.java_594baa6351eb19515efc5b46f6ec35cb34645149,0,1,1,100.0,1
lucene/suggest/src/test/org/apache/lucene/search/suggest/DocumentDictionaryTest.java_29aa8a673da25de22bc37406e4f630fc9a23f83d,0,4,4,45.45454545454545,1
lucene/queries/src/test/org/apache/lucene/queries/TermsQueryTest.java_b57014be2bb31609cd1b534dddf30619c04b6b37,0,2,2,50.0,1
lucene/spatial/src/java/org/apache/lucene/spatial/spatial4j/geo3d/GeoDistance.java_594baa6351eb19515efc5b46f6ec35cb34645149,0,1,1,100.0,1
lucene/core/src/test/org/apache/lucene/search/TestBooleanOr.java_048c4f527f38e8ab935170890274161f257a896a,5,4,9,26.08695652173913,1
lucene/core/src/java/org/apache/lucene/search/TimeLimitingCollector.java_57b6a948576cfc1fa23d28c17a2375eac5a808ca,0,8,8,41.66666666666667,1
lucene/core/src/test/org/apache/lucene/search/TestCustomSearcherSort.java_048c4f527f38e8ab935170890274161f257a896a,0,6,6,45.45454545454545,1
lucene/spatial/src/java/org/apache/lucene/spatial/spatial4j/geo3d/GeoDegenerateHorizontalLine.java_594baa6351eb19515efc5b46f6ec35cb34645149,0,1,1,100.0,1
lucene/sandbox/src/test/org/apache/lucene/search/TestDocValuesNumbersQuery.java_048c4f527f38e8ab935170890274161f257a896a,0,0,0,0.0,1
lucene/core/src/test/org/apache/lucene/codecs/TestCodecLoadingDeadlock.java_6aa5fab67bd91610bb4b1d15a58c00e3b1cc50d2,0,1,1,7.142857142857142,1
lucene/spatial/src/java/org/apache/lucene/spatial/spatial4j/geo3d/GeoShape.java_49fa948c88d487f9d2d0fb3932d54c6dd8e62d82,0,1,1,5.263157894736842,1
lucene/facet/src/test/org/apache/lucene/facet/TestDrillDownQuery.java_048c4f527f38e8ab935170890274161f257a896a,0,4,4,50.0,1
lucene/codecs/src/test/org/apache/lucene/codecs/autoprefix/TestAutoPrefixTerms.java_7c750fe4e1c8a726b2ea3763a38cdd4998220219,0,1,1,100.0,1
lucene/test-framework/src/java/org/apache/lucene/mockfile/WindowsFS.java_91853f1a9909586bcb207a6c023725498b03e4f1,0,1,1,100.0,1
lucene/core/src/java/org/apache/lucene/search/PhraseQuery.java_048c4f527f38e8ab935170890274161f257a896a,4,6,10,35.0,1
lucene/spatial/src/java/org/apache/lucene/spatial/spatial4j/geo3d/GeoCircle.java_594baa6351eb19515efc5b46f6ec35cb34645149,0,1,1,100.0,1
lucene/join/src/test/org/apache/lucene/search/join/TestJoinUtil.java_048c4f527f38e8ab935170890274161f257a896a,8,4,12,36.17021276595745,1
lucene/queryparser/src/test/org/apache/lucene/queryparser/simple/TestSimpleQueryParser.java_048c4f527f38e8ab935170890274161f257a896a,0,3,3,40.0,1
lucene/spatial/src/test/org/apache/lucene/spatial/spatial4j/Geo3dShapeRectRelationTest.java_17fa2c9cd08a3aa74721d8dd81173d74e39eea60,0,1,1,5.263157894736842,1
lucene/queryparser/src/java/org/apache/lucene/queryparser/classic/QueryParserBase.java_048c4f527f38e8ab935170890274161f257a896a,7,4,11,50.0,1
lucene/spatial/src/java/org/apache/lucene/spatial/spatial4j/geo3d/GeoLatitudeZone.java_cc2310f042ceffa8408b1368d3701779543dd355,0,1,1,100.0,1
lucene/spatial/src/java/org/apache/lucene/spatial/spatial4j/geo3d/GeoNorthLatitudeZone.java_cc2310f042ceffa8408b1368d3701779543dd355,0,0,0,0.0,1
lucene/core/src/test/org/apache/lucene/search/TestQueryRescorer.java_048c4f527f38e8ab935170890274161f257a896a,0,6,6,29.411764705882355,1
lucene/highlighter/src/test/org/apache/lucene/search/vectorhighlight/WeightedFragListBuilderTest.java_048c4f527f38e8ab935170890274161f257a896a,0,2,2,50.0,1
lucene/spatial/src/java/org/apache/lucene/spatial/spatial4j/Geo3dShape.java_49fa948c88d487f9d2d0fb3932d54c6dd8e62d82,0,1,1,5.263157894736842,1
lucene/core/src/java/org/apache/lucene/search/MultiTermQueryConstantScoreWrapper.java_048c4f527f38e8ab935170890274161f257a896a,0,2,2,83.33333333333334,1
lucene/spatial/src/java/org/apache/lucene/spatial/spatial4j/geo3d/GeoNorthLatitudeZone.java_aea3569525bd2bb536b2eaeb0817183dfc28c6cf,0,1,1,5.263157894736842,1
lucene/core/src/java/org/apache/lucene/search/payloads/PayloadSpanUtil.java_048c4f527f38e8ab935170890274161f257a896a,0,7,7,26.666666666666668,1
lucene/spatial/src/test/org/apache/lucene/spatial/spatial4j/Geo3dRptTest.java_49fa948c88d487f9d2d0fb3932d54c6dd8e62d82,0,1,1,5.263157894736842,1
lucene/queries/src/java/org/apache/lucene/queries/mlt/MoreLikeThisQuery.java_048c4f527f38e8ab935170890274161f257a896a,0,4,4,25.0,1
lucene/core/src/test/org/apache/lucene/search/TestSimilarity.java_048c4f527f38e8ab935170890274161f257a896a,0,9,9,25.0,1
lucene/core/src/test/org/apache/lucene/index/TestOmitTf.java_048c4f527f38e8ab935170890274161f257a896a,4,5,9,25.925925925925924,1
lucene/core/src/test/org/apache/lucene/search/TestComplexExplanations.java_048c4f527f38e8ab935170890274161f257a896a,0,4,4,40.0,1
lucene/core/src/test/org/apache/lucene/search/TestSortRandom.java_048c4f527f38e8ab935170890274161f257a896a,0,5,5,33.33333333333333,1
lucene/core/src/java/org/apache/lucene/search/payloads/PayloadTermQuery.java_57917b1acc35d0cee2d246e8dee6e4e99c1dd439,0,7,7,47.368421052631575,1
lucene/queryparser/src/java/org/apache/lucene/queryparser/surround/query/RewriteQuery.java_048c4f527f38e8ab935170890274161f257a896a,0,5,5,20.0,1
lucene/highlighter/src/test/org/apache/lucene/search/postingshighlight/TestMultiTermHighlighting.java_048c4f527f38e8ab935170890274161f257a896a,0,5,5,36.36363636363637,1
lucene/spatial/src/java/org/apache/lucene/spatial/spatial4j/geo3d/GeoSizeable.java_cc2310f042ceffa8408b1368d3701779543dd355,0,0,0,0.0,1
lucene/core/src/java/org/apache/lucene/index/CoalescedUpdates.java_b57014be2bb31609cd1b534dddf30619c04b6b37,0,3,3,50.0,1
lucene/suggest/src/test/org/apache/lucene/search/suggest/DocumentValueSourceDictionaryTest.java_29aa8a673da25de22bc37406e4f630fc9a23f83d,0,4,4,42.857142857142854,1
lucene/spatial/src/java/org/apache/lucene/spatial/spatial4j/geo3d/GeoDegenerateLatitudeZone.java_594baa6351eb19515efc5b46f6ec35cb34645149,0,1,1,100.0,1
lucene/core/src/java/org/apache/lucene/search/spans/SpanMultiTermQueryWrapper.java_57917b1acc35d0cee2d246e8dee6e4e99c1dd439,0,5,5,33.33333333333333,1
lucene/core/src/java/org/apache/lucene/store/RAMFile.java_50131e61741f96ce0b7e59e7016848dba5a213d5,0,3,3,66.66666666666666,1
lucene/facet/src/test/org/apache/lucene/facet/TestDrillSideways.java_048c4f527f38e8ab935170890274161f257a896a,3,4,7,31.818181818181817,1
lucene/spatial/src/java/org/apache/lucene/spatial/spatial4j/geo3d/Membership.java_594baa6351eb19515efc5b46f6ec35cb34645149,0,1,1,100.0,1
lucene/spatial/src/java/org/apache/lucene/spatial/spatial4j/geo3d/GeoCompositeMembershipShape.java_cc2310f042ceffa8408b1368d3701779543dd355,0,1,1,100.0,1
lucene/core/src/java/org/apache/lucene/util/packed/EliasFanoDecoder.java_f9ef24b14bfb65dab19c3a85f3c3117d484a722a,0,2,2,75.0,1
lucene/spatial/src/test/org/apache/lucene/spatial/spatial4j/geo3d/GeoPolygonTest.java_49fa948c88d487f9d2d0fb3932d54c6dd8e62d82,0,1,1,5.263157894736842,1
lucene/core/src/java/org/apache/lucene/search/spans/SpanPositionCheckQuery.java_57917b1acc35d0cee2d246e8dee6e4e99c1dd439,0,6,6,61.53846153846154,1
lucene/highlighter/src/test/org/apache/lucene/search/postingshighlight/TestPostingsHighlighterRanking.java_048c4f527f38e8ab935170890274161f257a896a,0,5,5,60.0,1
lucene/spatial/src/java/org/apache/lucene/spatial/spatial4j/geo3d/GeoRectangle.java_4412ea56b890271f783b0ba75f5209a7b7c0689c,0,1,1,100.0,1
lucene/core/src/java/org/apache/lucene/search/MinShouldMatchSumScorer.java_048c4f527f38e8ab935170890274161f257a896a,0,3,3,60.0,1
lucene/spatial/src/java/org/apache/lucene/spatial/spatial4j/geo3d/GeoPath.java_4412ea56b890271f783b0ba75f5209a7b7c0689c,0,1,1,100.0,1
lucene/core/src/test/org/apache/lucene/index/TestDocumentsWriterDeleteQueue.java_b57014be2bb31609cd1b534dddf30619c04b6b37,0,7,7,22.22222222222222,1
lucene/spatial/src/java/org/apache/lucene/spatial/spatial4j/geo3d/Bounds.java_9d78eea0e6fb0c92d49a651c5d9f6346f73b005c,0,1,1,100.0,1
lucene/suggest/src/java/org/apache/lucene/search/suggest/DocumentDictionary.java_29aa8a673da25de22bc37406e4f630fc9a23f83d,0,3,3,75.0,1
lucene/queries/src/java/org/apache/lucene/queries/mlt/MoreLikeThis.java_048c4f527f38e8ab935170890274161f257a896a,0,7,7,35.714285714285715,1
lucene/spatial/src/java/org/apache/lucene/spatial/spatial4j/geo3d/GeoConvexPolygon.java_49fa948c88d487f9d2d0fb3932d54c6dd8e62d82,0,1,1,5.263157894736842,1
lucene/spatial/src/java/org/apache/lucene/spatial/spatial4j/geo3d/GeoRectangle.java_49fa948c88d487f9d2d0fb3932d54c6dd8e62d82,0,1,1,5.263157894736842,1
lucene/core/src/test/org/apache/lucene/search/TestFilteredSearch.java_048c4f527f38e8ab935170890274161f257a896a,0,7,7,31.25,1
lucene/spatial/src/java/org/apache/lucene/spatial/spatial4j/geo3d/GeoAreaFactory.java_707b2fa5bad5e43b6f4356a1f431ffe362df245d,0,1,1,100.0,1
lucene/spatial/src/java/org/apache/lucene/spatial/spatial4j/geo3d/Vector.java_594baa6351eb19515efc5b46f6ec35cb34645149,0,1,1,100.0,1
solr/core/src/java/org/apache/solr/search/QueryUtils.java_048c4f527f38e8ab935170890274161f257a896a,0,2,2,50.0,1
lucene/suggest/src/test/org/apache/lucene/search/suggest/analyzing/AnalyzingInfixSuggesterTest.java_9cfb1631567df6c160135e532a0602fb6d4020d0,4,5,9,34.48275862068966,1
lucene/core/src/test/org/apache/lucene/index/TestIndexReaderClose.java_61c4da8fa3e73c6296df96068163c91f5f47716f,0,4,4,33.33333333333333,1
lucene/queries/src/test/org/apache/lucene/queries/mlt/TestMoreLikeThis.java_048c4f527f38e8ab935170890274161f257a896a,0,5,5,33.33333333333333,1
lucene/core/src/java/org/apache/lucene/store/SingleInstanceLockFactory.java_e954702d437358f9e3a6b5a4e3097d083c62514c,0,5,5,20.0,1
lucene/spatial/src/java/org/apache/lucene/spatial/spatial4j/geo3d/GeoWideNorthRectangle.java_4412ea56b890271f783b0ba75f5209a7b7c0689c,0,1,1,100.0,1
lucene/core/src/java/org/apache/lucene/util/packed/EliasFanoDocIdSet.java_f9ef24b14bfb65dab19c3a85f3c3117d484a722a,0,1,1,100.0,1
solr/core/src/test/org/apache/solr/search/TestExtendedDismaxParser.java_048c4f527f38e8ab935170890274161f257a896a,0,5,5,37.5,1
solr/core/src/java/org/apache/solr/search/SimpleQParserPlugin.java_048c4f527f38e8ab935170890274161f257a896a,0,4,4,50.0,1
lucene/spatial/src/test/org/apache/lucene/spatial/spatial4j/RectIntersectionTestHelper.java_cdbfe486029263bdeb258f61c0e0db834dce2995,0,1,1,100.0,1
lucene/core/src/test/org/apache/lucene/search/TestBoolean2.java_048c4f527f38e8ab935170890274161f257a896a,0,8,8,26.666666666666668,1
lucene/core/src/java/org/apache/lucene/search/RandomAccessWeight.java_c99b68bffdecf3a329500a17a2bd594c9f7ffe06,0,1,1,7.6923076923076925,1
lucene/spatial/src/java/org/apache/lucene/spatial/spatial4j/geo3d/GeoBBoxBase.java_f7ae502cb7675776398fb8045d87f38238cdd0a6,0,1,1,100.0,1
lucene/core/src/test/org/apache/lucene/search/TestBooleanQueryVisitSubscorers.java_048c4f527f38e8ab935170890274161f257a896a,0,6,6,33.33333333333333,1
lucene/highlighter/src/java/org/apache/lucene/search/highlight/WeightedSpanTermExtractor.java_048c4f527f38e8ab935170890274161f257a896a,2,7,9,25.925925925925924,1
lucene/spatial/src/test/org/apache/lucene/spatial/spatial4j/Geo3dRptTest.java_4412ea56b890271f783b0ba75f5209a7b7c0689c,0,1,1,100.0,1
lucene/spatial/src/java/org/apache/lucene/spatial/spatial4j/geo3d/GeoConvexPolygon.java_594baa6351eb19515efc5b46f6ec35cb34645149,0,1,1,100.0,1
lucene/spatial/src/java/org/apache/lucene/spatial/spatial4j/geo3d/Tools.java_594baa6351eb19515efc5b46f6ec35cb34645149,0,1,1,100.0,1
lucene/queryparser/src/test/org/apache/lucene/queryparser/flexible/standard/TestQPHelper.java_048c4f527f38e8ab935170890274161f257a896a,3,4,7,44.0,1
lucene/core/src/test/org/apache/lucene/search/TestLRUQueryCache.java_048c4f527f38e8ab935170890274161f257a896a,0,4,4,63.63636363636363,1
lucene/spatial/src/java/org/apache/lucene/spatial/spatial4j/geo3d/GeoBBoxBase.java_4412ea56b890271f783b0ba75f5209a7b7c0689c,0,1,1,100.0,1
lucene/spatial/src/java/org/apache/lucene/spatial/spatial4j/geo3d/GeoPoint.java_4412ea56b890271f783b0ba75f5209a7b7c0689c,0,1,1,100.0,1
lucene/core/src/test/org/apache/lucene/index/TestParallelCompositeReader.java_048c4f527f38e8ab935170890274161f257a896a,0,8,8,42.10526315789473,1
lucene/core/src/test/org/apache/lucene/search/TestWildcard.java_048c4f527f38e8ab935170890274161f257a896a,0,7,7,26.666666666666668,1
lucene/spatial/src/java/org/apache/lucene/spatial/spatial4j/geo3d/GeoShape.java_4412ea56b890271f783b0ba75f5209a7b7c0689c,0,1,1,100.0,1
lucene/spatial/src/java/org/apache/lucene/spatial/spatial4j/geo3d/Vector.java_49fa948c88d487f9d2d0fb3932d54c6dd8e62d82,0,1,1,5.263157894736842,1
lucene/core/src/java/org/apache/lucene/search/MultiTermQueryConstantScoreWrapper.java_e751f16a19c274e9b1cace4059e427be0f6dd938,0,2,2,80.0,1
lucene/spatial/src/java/org/apache/lucene/spatial/spatial4j/geo3d/GeoShape.java_aea3569525bd2bb536b2eaeb0817183dfc28c6cf,0,1,1,100.0,1
lucene/core/src/java/org/apache/lucene/search/MatchNoDocsQuery.java_048c4f527f38e8ab935170890274161f257a896a,0,0,0,0.0,1
lucene/test-framework/src/java/org/apache/lucene/index/AssertingLeafReader.java_61c4da8fa3e73c6296df96068163c91f5f47716f,0,7,7,30.76923076923077,1
lucene/join/src/test/org/apache/lucene/search/join/TestBlockJoinValidation.java_048c4f527f38e8ab935170890274161f257a896a,0,4,4,60.0,1
lucene/core/src/test/org/apache/lucene/search/TestElevationComparator.java_048c4f527f38e8ab935170890274161f257a896a,0,9,9,30.0,1
lucene/suggest/src/test/org/apache/lucene/search/suggest/analyzing/AnalyzingInfixSuggesterTest.java_048c4f527f38e8ab935170890274161f257a896a,4,5,9,36.666666666666664,1
solr/core/src/java/org/apache/solr/schema/LatLonType.java_048c4f527f38e8ab935170890274161f257a896a,0,2,2,75.0,1
lucene/highlighter/src/java/org/apache/lucene/search/vectorhighlight/FieldQuery.java_048c4f527f38e8ab935170890274161f257a896a,0,6,6,38.46153846153847,1
lucene/test-framework/src/java/org/apache/lucene/index/BaseDocValuesFormatTestCase.java_048c4f527f38e8ab935170890274161f257a896a,6,3,9,64.40677966101694,1
lucene/core/src/java/org/apache/lucene/search/ConstantScoreQuery.java_c99b68bffdecf3a329500a17a2bd594c9f7ffe06,4,5,9,38.70967741935484,1
solr/core/src/java/org/apache/solr/search/TermsQParserPlugin.java_048c4f527f38e8ab935170890274161f257a896a,0,2,2,66.66666666666666,1
lucene/suggest/src/java/org/apache/lucene/search/suggest/analyzing/BlendedInfixSuggester.java_9cfb1631567df6c160135e532a0602fb6d4020d0,0,6,6,56.25,1
lucene/core/src/java/org/apache/lucene/index/LeafReader.java_61c4da8fa3e73c6296df96068163c91f5f47716f,0,4,4,37.5,1
lucene/test-framework/src/java/org/apache/lucene/store/MockDirectoryWrapper.java_e954702d437358f9e3a6b5a4e3097d083c62514c,9,2,11,38.23529411764706,1
lucene/spatial/src/java/org/apache/lucene/spatial/spatial4j/geo3d/GeoSizeable.java_4412ea56b890271f783b0ba75f5209a7b7c0689c,0,1,1,100.0,1
lucene/spatial/src/java/org/apache/lucene/spatial/spatial4j/geo3d/GeoAreaFactory.java_49fa948c88d487f9d2d0fb3932d54c6dd8e62d82,0,1,1,5.263157894736842,1
lucene/queries/src/java/org/apache/lucene/queries/TermsQuery.java_c99b68bffdecf3a329500a17a2bd594c9f7ffe06,0,3,3,77.77777777777779,1
lucene/test-framework/src/java/org/apache/lucene/search/SearchEquivalenceTestBase.java_048c4f527f38e8ab935170890274161f257a896a,0,8,8,35.0,1
lucene/suggest/src/java/org/apache/lucene/search/suggest/analyzing/AnalyzingInfixSuggester.java_9cfb1631567df6c160135e532a0602fb6d4020d0,8,4,12,38.18181818181819,1
lucene/test-framework/src/test/org/apache/lucene/mockfile/TestWindowsFS.java_91853f1a9909586bcb207a6c023725498b03e4f1,0,0,0,0.0,1
lucene/queries/src/java/org/apache/lucene/queries/function/valuesource/NormValueSource.java_94fc21d5d8ed8453f9321bcf5cd0cd1728a1ed9e,0,7,7,33.33333333333333,1
lucene/spatial/src/java/org/apache/lucene/spatial/spatial4j/geo3d/GeoSouthLatitudeZone.java_cc2310f042ceffa8408b1368d3701779543dd355,0,0,0,0.0,1
lucene/highlighter/src/test/org/apache/lucene/search/vectorhighlight/FieldTermStackTest.java_048c4f527f38e8ab935170890274161f257a896a,0,3,3,33.33333333333333,1
lucene/core/src/test/org/apache/lucene/search/TestBooleanQuery.java_048c4f527f38e8ab935170890274161f257a896a,4,7,11,37.83783783783784,1
lucene/sandbox/src/test/org/apache/lucene/search/TestDocValuesRangeQuery.java_048c4f527f38e8ab935170890274161f257a896a,0,0,0,0.0,1
lucene/core/src/test/org/apache/lucene/search/spans/TestSpanSearchEquivalence.java_048c4f527f38e8ab935170890274161f257a896a,0,3,3,77.77777777777779,1
lucene/core/src/java/org/apache/lucene/search/MatchAllDocsQuery.java_c99b68bffdecf3a329500a17a2bd594c9f7ffe06,0,7,7,27.77777777777778,1
lucene/spatial/src/test/org/apache/lucene/spatial/spatial4j/geo3d/PlaneTest.java_9d78eea0e6fb0c92d49a651c5d9f6346f73b005c,0,0,0,0.0,1
lucene/spatial/src/java/org/apache/lucene/spatial/spatial4j/geo3d/GeoBBoxBase.java_594baa6351eb19515efc5b46f6ec35cb34645149,0,1,1,100.0,1
lucene/core/src/test/org/apache/lucene/search/TestMatchAllDocsQuery.java_048c4f527f38e8ab935170890274161f257a896a,0,7,7,22.22222222222222,1
lucene/spatial/src/test/org/apache/lucene/spatial/spatial4j/Geo3dShapeRectRelationTest.java_cc2310f042ceffa8408b1368d3701779543dd355,0,1,1,100.0,1
solr/core/src/test/org/apache/solr/update/DocumentBuilderTest.java_94fc21d5d8ed8453f9321bcf5cd0cd1728a1ed9e,0,4,4,25.0,1
lucene/spatial/src/java/org/apache/lucene/spatial/spatial4j/geo3d/GeoWideDegenerateHorizontalLine.java_594baa6351eb19515efc5b46f6ec35cb34645149,0,1,1,100.0,1
lucene/core/src/java/org/apache/lucene/search/TermQuery.java_94fc21d5d8ed8453f9321bcf5cd0cd1728a1ed9e,3,4,7,36.0,1
lucene/suggest/src/java/org/apache/lucene/search/suggest/DocumentValueSourceDictionary.java_29aa8a673da25de22bc37406e4f630fc9a23f83d,0,4,4,25.0,1
lucene/core/src/java/org/apache/lucene/index/FrozenBufferedUpdates.java_b57014be2bb31609cd1b534dddf30619c04b6b37,0,4,4,40.0,1
lucene/suggest/src/java/org/apache/lucene/search/suggest/analyzing/AnalyzingInfixSuggester.java_048c4f527f38e8ab935170890274161f257a896a,8,4,12,39.285714285714285,1
lucene/misc/src/test/org/apache/lucene/search/TestDiversifiedTopDocsCollector.java_048c4f527f38e8ab935170890274161f257a896a,0,1,1,100.0,1
lucene/spatial/src/java/org/apache/lucene/spatial/spatial4j/geo3d/SidedPlane.java_594baa6351eb19515efc5b46f6ec35cb34645149,0,1,1,100.0,1
lucene/queryparser/src/java/org/apache/lucene/queryparser/xml/builders/BooleanQueryBuilder.java_048c4f527f38e8ab935170890274161f257a896a,0,4,4,25.0,1
solr/core/src/java/org/apache/solr/handler/component/QueryElevationComponent.java_048c4f527f38e8ab935170890274161f257a896a,0,4,4,50.0,1
lucene/queryparser/src/test/org/apache/lucene/queryparser/util/QueryParserTestBase.java_048c4f527f38e8ab935170890274161f257a896a,2,5,7,40.0,1
lucene/highlighter/src/test/org/apache/lucene/search/vectorhighlight/SimpleFragListBuilderTest.java_048c4f527f38e8ab935170890274161f257a896a,0,4,4,25.0,1
lucene/core/src/java/org/apache/lucene/search/spans/SpanPositionRangeQuery.java_57917b1acc35d0cee2d246e8dee6e4e99c1dd439,0,4,4,25.0,1
lucene/spatial/src/java/org/apache/lucene/spatial/spatial4j/geo3d/GeoDegeneratePoint.java_aea3569525bd2bb536b2eaeb0817183dfc28c6cf,0,1,1,100.0,1
lucene/core/src/java/org/apache/lucene/search/DocValuesRewriteMethod.java_c99b68bffdecf3a329500a17a2bd594c9f7ffe06,0,4,4,33.33333333333333,1
lucene/spatial/src/java/org/apache/lucene/spatial/spatial4j/geo3d/GeoPoint.java_aea3569525bd2bb536b2eaeb0817183dfc28c6cf,0,1,1,100.0,1
lucene/queries/src/java/org/apache/lucene/queries/CommonTermsQuery.java_048c4f527f38e8ab935170890274161f257a896a,0,5,5,50.0,1
lucene/core/src/java/org/apache/lucene/store/SimpleFSLockFactory.java_e954702d437358f9e3a6b5a4e3097d083c62514c,0,6,6,30.76923076923077,1
lucene/spatial/src/java/org/apache/lucene/spatial/composite/CompositeVerifyQuery.java_c99b68bffdecf3a329500a17a2bd594c9f7ffe06,0,1,1,100.0,1
lucene/core/src/java/org/apache/lucene/search/spans/SpanNearPayloadCheckQuery.java_57917b1acc35d0cee2d246e8dee6e4e99c1dd439,0,4,4,40.0,1
lucene/core/src/test/org/apache/lucene/search/TestMultiPhraseQuery.java_048c4f527f38e8ab935170890274161f257a896a,0,8,8,26.31578947368421,1
lucene/spatial/src/java/org/apache/lucene/spatial/spatial4j/geo3d/GeoDegenerateLatitudeZone.java_aea3569525bd2bb536b2eaeb0817183dfc28c6cf,0,1,1,100.0,1
lucene/facet/src/java/org/apache/lucene/facet/DrillSidewaysQuery.java_048c4f527f38e8ab935170890274161f257a896a,0,6,6,30.76923076923077,1
lucene/spatial/src/java/org/apache/lucene/spatial/spatial4j/geo3d/GeoWideLongitudeSlice.java_cc2310f042ceffa8408b1368d3701779543dd355,0,1,1,100.0,1
lucene/queryparser/src/java/org/apache/lucene/queryparser/surround/query/SrndBooleanQuery.java_048c4f527f38e8ab935170890274161f257a896a,0,1,1,100.0,1
lucene/spatial/src/test/org/apache/lucene/spatial/spatial4j/RectIntersectionTestHelper.java_c81f74989d589879b794845c628117918beda728,0,1,1,100.0,1
lucene/core/src/java/org/apache/lucene/search/MultiTermQuery.java_048c4f527f38e8ab935170890274161f257a896a,0,7,7,27.27272727272727,1
lucene/spatial/src/java/org/apache/lucene/spatial/spatial4j/geo3d/GeoDistanceShape.java_4412ea56b890271f783b0ba75f5209a7b7c0689c,0,0,0,0.0,1
solr/core/src/java/org/apache/solr/store/hdfs/HdfsLockFactory.java_e954702d437358f9e3a6b5a4e3097d083c62514c,0,3,3,66.66666666666666,1
lucene/spatial/src/java/org/apache/lucene/spatial/spatial4j/geo3d/GeoAreaFactory.java_4412ea56b890271f783b0ba75f5209a7b7c0689c,0,0,0,0.0,1
lucene/spatial/src/test/org/apache/lucene/spatial/spatial4j/RandomizedShapeTestCase.java_c81f74989d589879b794845c628117918beda728,0,2,2,50.0,1
lucene/core/src/test/org/apache/lucene/search/TestFuzzyQuery.java_048c4f527f38e8ab935170890274161f257a896a,0,8,8,25.0,1
lucene/spatial/src/java/org/apache/lucene/spatial/spatial4j/geo3d/Plane.java_cdbfe486029263bdeb258f61c0e0db834dce2995,0,1,1,100.0,1
lucene/spatial/src/java/org/apache/lucene/spatial/spatial4j/geo3d/GeoDegenerateVerticalLine.java_cc2310f042ceffa8408b1368d3701779543dd355,0,1,1,100.0,1
lucene/spatial/src/java/org/apache/lucene/spatial/spatial4j/geo3d/GeoSouthLatitudeZone.java_4412ea56b890271f783b0ba75f5209a7b7c0689c,0,1,1,100.0,1
lucene/core/src/java/org/apache/lucene/search/spans/SpanMultiTermQueryWrapper.java_048c4f527f38e8ab935170890274161f257a896a,0,6,6,28.57142857142857,1
lucene/highlighter/src/test/org/apache/lucene/search/highlight/HighlighterTest.java_048c4f527f38e8ab935170890274161f257a896a,5,7,12,22.22222222222222,1
lucene/spatial/src/java/org/apache/lucene/spatial/spatial4j/geo3d/Tools.java_4412ea56b890271f783b0ba75f5209a7b7c0689c,0,0,0,0.0,1
lucene/spatial/src/java/org/apache/lucene/spatial/spatial4j/geo3d/GeoDegenerateHorizontalLine.java_cc2310f042ceffa8408b1368d3701779543dd355,0,1,1,100.0,1
lucene/core/src/test/org/apache/lucene/util/packed/TestEliasFanoSequence.java_f9ef24b14bfb65dab19c3a85f3c3117d484a722a,0,1,1,100.0,1
lucene/spatial/src/java/org/apache/lucene/spatial/spatial4j/geo3d/GeoPath.java_aea3569525bd2bb536b2eaeb0817183dfc28c6cf,0,1,1,100.0,1
lucene/classification/src/java/org/apache/lucene/classification/KNearestNeighborClassifier.java_048c4f527f38e8ab935170890274161f257a896a,3,1,4,86.36363636363636,1
lucene/spatial/src/java/org/apache/lucene/spatial/spatial4j/geo3d/GeoWideRectangle.java_aea3569525bd2bb536b2eaeb0817183dfc28c6cf,0,1,1,100.0,1
lucene/core/src/test/org/apache/lucene/search/TestTermRangeQuery.java_7c750fe4e1c8a726b2ea3763a38cdd4998220219,0,9,9,29.411764705882355,1
lucene/spatial/src/java/org/apache/lucene/spatial/spatial4j/geo3d/GeoWideDegenerateHorizontalLine.java_cc2310f042ceffa8408b1368d3701779543dd355,0,1,1,100.0,1
lucene/core/src/test/org/apache/lucene/index/TestPrefixCodedTerms.java_b57014be2bb31609cd1b534dddf30619c04b6b37,0,8,8,25.0,1
lucene/spatial/src/java/org/apache/lucene/spatial/spatial4j/Geo3dShape.java_89e68a26683e19972b82280be8e7950c26311ef2,0,1,1,100.0,1
lucene/benchmark/src/java/org/apache/lucene/benchmark/byTask/feeds/SimpleQueryMaker.java_048c4f527f38e8ab935170890274161f257a896a,0,3,3,60.0,1
lucene/spatial/src/java/org/apache/lucene/spatial/spatial4j/geo3d/Plane.java_49fa948c88d487f9d2d0fb3932d54c6dd8e62d82,0,1,1,5.263157894736842,1
lucene/core/src/java/org/apache/lucene/index/IndexWriter.java_c431928538ad47d90215972dcf1feadc8ef39267,12,5,17,43.359375,1
solr/core/src/test/org/apache/solr/util/SolrPluginUtilsTest.java_048c4f527f38e8ab935170890274161f257a896a,0,3,3,50.0,1
lucene/queryparser/src/java/org/apache/lucene/queryparser/classic/MultiFieldQueryParser.java_048c4f527f38e8ab935170890274161f257a896a,0,5,5,55.55555555555556,1
lucene/spatial/src/test/org/apache/lucene/spatial/spatial4j/Geo3dShapeRectRelationTest.java_9d78eea0e6fb0c92d49a651c5d9f6346f73b005c,0,1,1,100.0,1
lucene/highlighter/src/test/org/apache/lucene/search/vectorhighlight/ScoreOrderFragmentsBuilderTest.java_048c4f527f38e8ab935170890274161f257a896a,0,1,1,100.0,1
lucene/spatial/src/java/org/apache/lucene/spatial/spatial4j/geo3d/Plane.java_aea3569525bd2bb536b2eaeb0817183dfc28c6cf,0,1,1,100.0,1
lucene/queries/src/java/org/apache/lucene/queries/BoostingQuery.java_048c4f527f38e8ab935170890274161f257a896a,0,5,5,37.5,1
lucene/highlighter/src/test/org/apache/lucene/search/highlight/MissesTest.java_048c4f527f38e8ab935170890274161f257a896a,0,1,1,100.0,1
lucene/highlighter/src/test/org/apache/lucene/search/vectorhighlight/FieldPhraseListTest.java_048c4f527f38e8ab935170890274161f257a896a,0,4,4,50.0,1
lucene/spatial/src/java/org/apache/lucene/spatial/spatial4j/geo3d/GeoPoint.java_9d78eea0e6fb0c92d49a651c5d9f6346f73b005c,0,1,1,100.0,1
lucene/queryparser/src/java/org/apache/lucene/queryparser/flexible/standard/QueryParserUtil.java_048c4f527f38e8ab935170890274161f257a896a,0,3,3,33.33333333333333,1
lucene/core/src/java/org/apache/lucene/search/ScoringRewrite.java_048c4f527f38e8ab935170890274161f257a896a,0,8,8,18.181818181818183,1
lucene/core/src/test/org/apache/lucene/search/TestSimpleSearchEquivalence.java_048c4f527f38e8ab935170890274161f257a896a,0,3,3,50.0,1
lucene/queryparser/src/java/org/apache/lucene/queryparser/complexPhrase/ComplexPhraseQueryParser.java_048c4f527f38e8ab935170890274161f257a896a,0,6,6,40.0,1
lucene/spatial/src/java/org/apache/lucene/spatial/spatial4j/geo3d/GeoWideRectangle.java_594baa6351eb19515efc5b46f6ec35cb34645149,0,1,1,100.0,1
lucene/core/src/java/org/apache/lucene/store/NativeFSLockFactory.java_e954702d437358f9e3a6b5a4e3097d083c62514c,0,7,7,38.46153846153847,1
lucene/spatial/src/java/org/apache/lucene/spatial/spatial4j/geo3d/GeoShape.java_594baa6351eb19515efc5b46f6ec35cb34645149,0,1,1,100.0,1
lucene/spatial/src/java/org/apache/lucene/spatial/spatial4j/geo3d/GeoDistanceShape.java_594baa6351eb19515efc5b46f6ec35cb34645149,0,1,1,100.0,1
solr/core/src/test/org/apache/solr/search/TestSearchPerf.java_048c4f527f38e8ab935170890274161f257a896a,0,2,2,50.0,1
lucene/demo/src/java/org/apache/lucene/demo/facet/DistanceFacetsExample.java_048c4f527f38e8ab935170890274161f257a896a,0,5,5,35.714285714285715,1
lucene/core/src/java/org/apache/lucene/search/spans/FieldMaskingSpanQuery.java_57917b1acc35d0cee2d246e8dee6e4e99c1dd439,0,7,7,22.22222222222222,1
lucene/spatial/src/java/org/apache/lucene/spatial/spatial4j/geo3d/GeoBBoxFactory.java_aea3569525bd2bb536b2eaeb0817183dfc28c6cf,0,1,1,100.0,1
solr/core/src/test/org/apache/solr/search/TestSearcherReuse.java_cda718fd9ceebbcaf38860bc962e7f191ceaad67,0,5,5,33.33333333333333,1
lucene/spatial/src/java/org/apache/lucene/spatial/spatial4j/geo3d/GeoDegenerateLatitudeZone.java_cc2310f042ceffa8408b1368d3701779543dd355,0,1,1,100.0,1
lucene/queries/src/java/org/apache/lucene/queries/function/valuesource/IDFValueSource.java_94fc21d5d8ed8453f9321bcf5cd0cd1728a1ed9e,0,4,4,25.0,1
lucene/spatial/src/java/org/apache/lucene/spatial/spatial4j/Geo3dShape.java_594baa6351eb19515efc5b46f6ec35cb34645149,0,0,0,0.0,1
lucene/queries/src/test/org/apache/lucene/queries/CommonTermsQueryTest.java_048c4f527f38e8ab935170890274161f257a896a,0,7,7,40.0,1
lucene/core/src/java/org/apache/lucene/index/TermState.java_7c750fe4e1c8a726b2ea3763a38cdd4998220219,0,3,3,33.33333333333333,1
lucene/queryparser/src/test/org/apache/lucene/queryparser/flexible/standard/TestMultiFieldQPHelper.java_048c4f527f38e8ab935170890274161f257a896a,0,6,6,50.0,1
solr/core/src/test/org/apache/solr/core/QueryResultKeyTest.java_048c4f527f38e8ab935170890274161f257a896a,0,5,5,20.0,1
lucene/core/src/test/org/apache/lucene/index/TestIndexWriter.java_c431928538ad47d90215972dcf1feadc8ef39267,10,3,13,39.869281045751634,1
solr/contrib/dataimporthandler/src/test/org/apache/solr/handler/dataimport/TestHierarchicalDocBuilder.java_048c4f527f38e8ab935170890274161f257a896a,0,2,2,66.66666666666666,1
lucene/spatial/src/java/org/apache/lucene/spatial/spatial4j/geo3d/Vector.java_cc2310f042ceffa8408b1368d3701779543dd355,0,1,1,100.0,1
lucene/spatial/src/java/org/apache/lucene/spatial/spatial4j/geo3d/GeoWideSouthRectangle.java_594baa6351eb19515efc5b46f6ec35cb34645149,0,1,1,100.0,1
solr/core/src/java/org/apache/solr/search/SolrConstantScoreQuery.java_c99b68bffdecf3a329500a17a2bd594c9f7ffe06,0,3,3,66.66666666666666,1
lucene/spatial/src/java/org/apache/lucene/spatial/spatial4j/geo3d/GeoDegenerateLongitudeSlice.java_cc2310f042ceffa8408b1368d3701779543dd355,0,1,1,100.0,1
lucene/spatial/src/test/org/apache/lucene/spatial/spatial4j/geo3d/GeoPathTest.java_4412ea56b890271f783b0ba75f5209a7b7c0689c,0,1,1,100.0,1
lucene/spatial/src/test/org/apache/lucene/spatial/prefix/RandomSpatialOpStrategyTestCase.java_49fa948c88d487f9d2d0fb3932d54c6dd8e62d82,0,1,1,100.0,1
lucene/core/src/test/org/apache/lucene/util/TestBitUtil.java_f9ef24b14bfb65dab19c3a85f3c3117d484a722a,0,0,0,0.0,1
lucene/classification/src/java/org/apache/lucene/classification/BooleanPerceptronClassifier.java_048c4f527f38e8ab935170890274161f257a896a,0,6,6,66.66666666666666,1
lucene/spatial/src/java/org/apache/lucene/spatial/spatial4j/geo3d/GeoDegeneratePoint.java_89e68a26683e19972b82280be8e7950c26311ef2,0,1,1,100.0,1
solr/core/src/java/org/apache/solr/parser/SolrQueryParserBase.java_048c4f527f38e8ab935170890274161f257a896a,0,11,11,25.0,1
lucene/core/src/test/org/apache/lucene/util/TestQueryBuilder.java_048c4f527f38e8ab935170890274161f257a896a,0,3,3,33.33333333333333,1
lucene/spatial/src/test/org/apache/lucene/spatial/spatial4j/Geo3dShapeTest.java_17fa2c9cd08a3aa74721d8dd81173d74e39eea60,0,1,1,5.263157894736842,1
lucene/core/src/java/org/apache/lucene/search/IndexSearcher.java_94fc21d5d8ed8453f9321bcf5cd0cd1728a1ed9e,7,5,12,23.52941176470588,1
lucene/spatial/src/java/org/apache/lucene/spatial/spatial4j/geo3d/GeoConvexPolygon.java_aea3569525bd2bb536b2eaeb0817183dfc28c6cf,0,1,1,100.0,1
lucene/test-framework/src/test/org/apache/lucene/mockfile/TestHandleTrackingFS.java_5538f9f7acdf927d714a1694f6c9e50b9bbd8c40,0,1,1,6.25,1
lucene/core/src/test/org/apache/lucene/search/TestTermScorer.java_94fc21d5d8ed8453f9321bcf5cd0cd1728a1ed9e,4,5,9,23.809523809523807,1
lucene/core/src/java/org/apache/lucene/search/MultiPhraseQuery.java_94fc21d5d8ed8453f9321bcf5cd0cd1728a1ed9e,6,6,12,38.63636363636363,1
lucene/misc/src/test/org/apache/lucene/uninverting/TestFieldCacheSort.java_048c4f527f38e8ab935170890274161f257a896a,0,3,3,50.0,1
lucene/core/src/java/org/apache/lucene/search/Weight.java_b57014be2bb31609cd1b534dddf30619c04b6b37,0,7,7,35.0,1
lucene/spatial/src/test/org/apache/lucene/spatial/spatial4j/Geo3dRptTest.java_cc2310f042ceffa8408b1368d3701779543dd355,0,1,1,100.0,1
lucene/core/src/test/org/apache/lucene/search/TestConstantScoreQuery.java_048c4f527f38e8ab935170890274161f257a896a,5,4,9,48.275862068965516,1
lucene/core/src/test/org/apache/lucene/search/TestTimeLimitingCollector.java_c1471d82165c2fd5c999c7d447ec6856a1ea1b69,0,9,9,21.428571428571427,1
lucene/highlighter/src/java/org/apache/lucene/search/highlight/QueryTermExtractor.java_048c4f527f38e8ab935170890274161f257a896a,0,4,4,40.0,1
lucene/spatial/src/java/org/apache/lucene/spatial/spatial4j/geo3d/GeoLongitudeSlice.java_4412ea56b890271f783b0ba75f5209a7b7c0689c,0,1,1,100.0,1
lucene/spatial/src/java/org/apache/lucene/spatial/spatial4j/geo3d/GeoLatitudeZone.java_594baa6351eb19515efc5b46f6ec35cb34645149,0,1,1,100.0,1
lucene/core/src/java/org/apache/lucene/search/TermCollectingRewrite.java_048c4f527f38e8ab935170890274161f257a896a,0,6,6,25.0,1
lucene/core/src/test/org/apache/lucene/search/TestFilteredQuery.java_048c4f527f38e8ab935170890274161f257a896a,4,5,9,33.33333333333333,1
lucene/sandbox/src/test/org/apache/lucene/search/TestDocValuesTermsQuery.java_048c4f527f38e8ab935170890274161f257a896a,0,0,0,0.0,1
lucene/core/src/test/org/apache/lucene/search/TestBooleanMinShouldMatch.java_048c4f527f38e8ab935170890274161f257a896a,0,9,9,23.52941176470588,1
lucene/spatial/src/test/org/apache/lucene/spatial/spatial4j/RandomizedShapeTest.java_4412ea56b890271f783b0ba75f5209a7b7c0689c,0,1,1,5.263157894736842,1
lucene/core/src/test/org/apache/lucene/search/TestSearchAfter.java_048c4f527f38e8ab935170890274161f257a896a,0,7,7,35.0,1
lucene/queryparser/src/java/org/apache/lucene/queryparser/flexible/standard/builders/BooleanQueryNodeBuilder.java_048c4f527f38e8ab935170890274161f257a896a,0,4,4,25.0,1
lucene/spatial/src/java/org/apache/lucene/spatial/spatial4j/geo3d/GeoNorthLatitudeZone.java_4412ea56b890271f783b0ba75f5209a7b7c0689c,0,1,1,100.0,1
lucene/spatial/src/java/org/apache/lucene/spatial/spatial4j/geo3d/Vector.java_9d78eea0e6fb0c92d49a651c5d9f6346f73b005c,0,1,1,100.0,1
lucene/spatial/src/java/org/apache/lucene/spatial/spatial4j/geo3d/GeoWideNorthRectangle.java_cc2310f042ceffa8408b1368d3701779543dd355,0,0,0,0.0,1
lucene/spatial/src/java/org/apache/lucene/spatial/spatial4j/geo3d/GeoCircle.java_aea3569525bd2bb536b2eaeb0817183dfc28c6cf,0,1,1,100.0,1
lucene/spatial/src/java/org/apache/lucene/spatial/spatial4j/geo3d/GeoCircle.java_4412ea56b890271f783b0ba75f5209a7b7c0689c,0,1,1,100.0,1
lucene/core/src/test/org/apache/lucene/search/TestScorerPerf.java_048c4f527f38e8ab935170890274161f257a896a,0,8,8,36.84210526315789,1
lucene/core/src/test/org/apache/lucene/TestSearch.java_048c4f527f38e8ab935170890274161f257a896a,0,8,8,23.52941176470588,1
lucene/core/src/java/org/apache/lucene/search/LRUQueryCache.java_c99b68bffdecf3a329500a17a2bd594c9f7ffe06,0,2,2,60.0,1
lucene/spatial/src/java/org/apache/lucene/spatial/bbox/BBoxStrategy.java_048c4f527f38e8ab935170890274161f257a896a,3,3,6,60.0,1
lucene/sandbox/src/java/org/apache/lucene/search/TermAutomatonQuery.java_94fc21d5d8ed8453f9321bcf5cd0cd1728a1ed9e,0,5,5,27.27272727272727,1
lucene/spatial/src/java/org/apache/lucene/spatial/spatial4j/geo3d/GeoWideSouthRectangle.java_cc2310f042ceffa8408b1368d3701779543dd355,0,0,0,0.0,1
lucene/spatial/src/java/org/apache/lucene/spatial/spatial4j/geo3d/GeoNorthRectangle.java_cc2310f042ceffa8408b1368d3701779543dd355,0,0,0,0.0,1
lucene/core/src/java/org/apache/lucene/search/CachingWrapperQuery.java_c99b68bffdecf3a329500a17a2bd594c9f7ffe06,0,3,3,50.0,1
lucene/spatial/src/java/org/apache/lucene/spatial/spatial4j/geo3d/Tools.java_49fa948c88d487f9d2d0fb3932d54c6dd8e62d82,0,1,1,5.263157894736842,1
lucene/spatial/src/java/org/apache/lucene/spatial/spatial4j/geo3d/GeoRectangle.java_594baa6351eb19515efc5b46f6ec35cb34645149,0,1,1,100.0,1
lucene/core/src/java/org/apache/lucene/search/Filter.java_c99b68bffdecf3a329500a17a2bd594c9f7ffe06,0,5,5,54.54545454545454,1
lucene/spatial/src/test/org/apache/lucene/spatial/spatial4j/geo3d/GeoPathTest.java_9d78eea0e6fb0c92d49a651c5d9f6346f73b005c,0,1,1,100.0,1
lucene/core/src/java/org/apache/lucene/search/spans/SpanOrQuery.java_57917b1acc35d0cee2d246e8dee6e4e99c1dd439,0,6,6,54.54545454545454,1
lucene/spatial/src/java/org/apache/lucene/spatial/spatial4j/geo3d/GeoSouthRectangle.java_4412ea56b890271f783b0ba75f5209a7b7c0689c,0,1,1,100.0,1
lucene/spatial/src/java/org/apache/lucene/spatial/spatial4j/geo3d/Plane.java_9d78eea0e6fb0c92d49a651c5d9f6346f73b005c,0,1,1,100.0,1
lucene/highlighter/src/test/org/apache/lucene/search/postingshighlight/TestPostingsHighlighter.java_048c4f527f38e8ab935170890274161f257a896a,2,3,5,51.515151515151516,1
lucene/spatial/src/java/org/apache/lucene/spatial/spatial4j/geo3d/GeoNorthLatitudeZone.java_594baa6351eb19515efc5b46f6ec35cb34645149,0,1,1,100.0,1
lucene/spatial/src/java/org/apache/lucene/spatial/spatial4j/geo3d/GeoWorld.java_cc2310f042ceffa8408b1368d3701779543dd355,0,1,1,100.0,1
lucene/core/src/test/org/apache/lucene/index/TestParallelLeafReader.java_048c4f527f38e8ab935170890274161f257a896a,0,1,1,100.0,1
lucene/spatial/src/java/org/apache/lucene/spatial/spatial4j/geo3d/package-info.java_49fa948c88d487f9d2d0fb3932d54c6dd8e62d82,0,1,1,5.263157894736842,1
lucene/queryparser/src/java/org/apache/lucene/queryparser/surround/query/SrndQuery.java_048c4f527f38e8ab935170890274161f257a896a,0,3,3,33.33333333333333,1
lucene/core/src/java/org/apache/lucene/search/spans/SpanPositionCheckQuery.java_94fc21d5d8ed8453f9321bcf5cd0cd1728a1ed9e,0,8,8,44.44444444444444,1
lucene/core/src/test/org/apache/lucene/search/TestBoolean2.java_94fc21d5d8ed8453f9321bcf5cd0cd1728a1ed9e,0,8,8,30.76923076923077,1
lucene/core/src/test/org/apache/lucene/search/TestSimpleExplanations.java_048c4f527f38e8ab935170890274161f257a896a,0,4,4,50.0,1
lucene/spatial/src/test/org/apache/lucene/spatial/spatial4j/RectIntersectionTestHelper.java_81d3ffb1e6ac8b0b8d51cf565365d0f48cc87309,0,0,0,0.0,1
solr/core/src/test/org/apache/solr/search/TestQueryUtils.java_048c4f527f38e8ab935170890274161f257a896a,0,1,1,7.6923076923076925,1
solr/core/src/test/org/apache/solr/store/hdfs/HdfsLockFactoryTest.java_251dc46e20414911ac2a854e584648ce051bfa7a,0,5,5,50.0,1
lucene/spatial/src/java/org/apache/lucene/spatial/spatial4j/geo3d/Bounds.java_594baa6351eb19515efc5b46f6ec35cb34645149,0,1,1,100.0,1
lucene/spatial/src/test/org/apache/lucene/spatial/spatial4j/geo3d/GeoConvexPolygonTest.java_49fa948c88d487f9d2d0fb3932d54c6dd8e62d82,0,1,1,5.263157894736842,1
lucene/spatial/src/java/org/apache/lucene/spatial/spatial4j/geo3d/package-info.java_4412ea56b890271f783b0ba75f5209a7b7c0689c,0,0,0,0.0,1
lucene/facet/src/java/org/apache/lucene/facet/DrillSideways.java_048c4f527f38e8ab935170890274161f257a896a,0,5,5,30.0,1
lucene/core/src/java/org/apache/lucene/search/MultiTermQueryConstantScoreWrapper.java_7c750fe4e1c8a726b2ea3763a38cdd4998220219,0,2,2,75.0,1
lucene/spatial/src/java/org/apache/lucene/spatial/spatial4j/geo3d/GeoWideNorthRectangle.java_594baa6351eb19515efc5b46f6ec35cb34645149,0,1,1,100.0,1
lucene/spatial/src/java/org/apache/lucene/spatial/spatial4j/geo3d/GeoSouthRectangle.java_aea3569525bd2bb536b2eaeb0817183dfc28c6cf,0,1,1,5.263157894736842,1
lucene/core/src/java/org/apache/lucene/codecs/DocValuesFormat.java_ab8dac54e97f02dbd77542c3a54e819172c9d731,0,1,1,100.0,1
lucene/core/src/java/org/apache/lucene/search/TermQuery.java_7c750fe4e1c8a726b2ea3763a38cdd4998220219,3,4,7,31.818181818181817,1
lucene/spatial/src/java/org/apache/lucene/spatial/spatial4j/geo3d/GeoLongitudeSlice.java_49fa948c88d487f9d2d0fb3932d54c6dd8e62d82,0,1,1,5.263157894736842,1
lucene/spatial/src/java/org/apache/lucene/spatial/composite/IntersectsRPTVerifyQuery.java_c99b68bffdecf3a329500a17a2bd594c9f7ffe06,0,1,1,100.0,1
lucene/highlighter/src/test/org/apache/lucene/search/vectorhighlight/IndexTimeSynonymTest.java_048c4f527f38e8ab935170890274161f257a896a,0,3,3,60.0,1
lucene/queryparser/src/java/org/apache/lucene/queryparser/flexible/standard/builders/AnyQueryNodeBuilder.java_048c4f527f38e8ab935170890274161f257a896a,0,3,3,33.33333333333333,1
lucene/spatial/src/java/org/apache/lucene/spatial/spatial4j/geo3d/GeoCircle.java_49fa948c88d487f9d2d0fb3932d54c6dd8e62d82,0,1,1,5.263157894736842,1
lucene/core/src/java/org/apache/lucene/search/ConstantScoreScorer.java_c99b68bffdecf3a329500a17a2bd594c9f7ffe06,0,1,1,7.6923076923076925,1
lucene/highlighter/src/test/org/apache/lucene/search/vectorhighlight/SimpleFragmentsBuilderTest.java_048c4f527f38e8ab935170890274161f257a896a,0,8,8,27.27272727272727,1
lucene/spatial/src/java/org/apache/lucene/spatial/spatial4j/geo3d/GeoWideLongitudeSlice.java_4412ea56b890271f783b0ba75f5209a7b7c0689c,0,1,1,100.0,1
lucene/spatial/src/java/org/apache/lucene/spatial/spatial4j/geo3d/GeoBBoxFactory.java_89e68a26683e19972b82280be8e7950c26311ef2,0,1,1,100.0,1
lucene/core/src/java/org/apache/lucene/codecs/BlockTermState.java_7c750fe4e1c8a726b2ea3763a38cdd4998220219,0,6,6,28.57142857142857,1
lucene/spatial/src/java/org/apache/lucene/spatial/spatial4j/geo3d/Plane.java_707b2fa5bad5e43b6f4356a1f431ffe362df245d,0,1,1,100.0,1
lucene/core/src/test/org/apache/lucene/search/TestDisjunctionMaxQuery.java_048c4f527f38e8ab935170890274161f257a896a,3,6,9,27.27272727272727,1
lucene/core/src/java/org/apache/lucene/search/payloads/PayloadNearQuery.java_57917b1acc35d0cee2d246e8dee6e4e99c1dd439,0,8,8,31.25,1
lucene/spatial/src/java/org/apache/lucene/spatial/spatial4j/geo3d/GeoWorld.java_aea3569525bd2bb536b2eaeb0817183dfc28c6cf,0,1,1,100.0,1
lucene/core/src/test/org/apache/lucene/search/TestBooleanCoord.java_048c4f527f38e8ab935170890274161f257a896a,0,5,5,33.33333333333333,1
lucene/spatial/src/java/org/apache/lucene/spatial/spatial4j/geo3d/SidedPlane.java_49fa948c88d487f9d2d0fb3932d54c6dd8e62d82,0,1,1,5.263157894736842,1
lucene/core/src/java/org/apache/lucene/util/packed/EliasFanoEncoder.java_f9ef24b14bfb65dab19c3a85f3c3117d484a722a,0,2,2,66.66666666666666,1
lucene/spatial/src/java/org/apache/lucene/spatial/spatial4j/geo3d/GeoConvexPolygon.java_9d78eea0e6fb0c92d49a651c5d9f6346f73b005c,0,1,1,100.0,1
lucene/spatial/src/java/org/apache/lucene/spatial/spatial4j/geo3d/Membership.java_49fa948c88d487f9d2d0fb3932d54c6dd8e62d82,0,1,1,5.263157894736842,1
lucene/spatial/src/java/org/apache/lucene/spatial/spatial4j/geo3d/GeoBBoxBase.java_aea3569525bd2bb536b2eaeb0817183dfc28c6cf,0,0,0,0.0,1
lucene/core/src/test/org/apache/lucene/search/TestConstantScoreQuery.java_c99b68bffdecf3a329500a17a2bd594c9f7ffe06,5,4,9,44.44444444444444,1
solr/core/src/java/org/apache/solr/update/DirectUpdateHandler2.java_048c4f527f38e8ab935170890274161f257a896a,0,6,6,25.0,1
lucene/test-framework/src/java/org/apache/lucene/search/ScorerIndexSearcher.java_048c4f527f38e8ab935170890274161f257a896a,0,1,1,7.6923076923076925,1
lucene/spatial/src/java/org/apache/lucene/spatial/spatial4j/geo3d/GeoMembershipShape.java_4412ea56b890271f783b0ba75f5209a7b7c0689c,0,0,0,0.0,1
lucene/spatial/src/java/org/apache/lucene/spatial/spatial4j/geo3d/GeoRectangle.java_cc2310f042ceffa8408b1368d3701779543dd355,0,1,1,100.0,1
lucene/core/src/java/org/apache/lucene/util/QueryBuilder.java_048c4f527f38e8ab935170890274161f257a896a,0,3,3,50.0,1
lucene/facet/src/java/org/apache/lucene/facet/DrillDownQuery.java_048c4f527f38e8ab935170890274161f257a896a,0,4,4,50.0,1
lucene/queries/src/java/org/apache/lucene/queries/TermsQuery.java_50131e61741f96ce0b7e59e7016848dba5a213d5,0,3,3,75.0,1
lucene/spatial/src/test/org/apache/lucene/spatial/spatial4j/geo3d/GeoPolygonTest.java_4412ea56b890271f783b0ba75f5209a7b7c0689c,0,0,0,0.0,1
lucene/spatial/src/java/org/apache/lucene/spatial/spatial4j/geo3d/GeoSouthLatitudeZone.java_aea3569525bd2bb536b2eaeb0817183dfc28c6cf,0,1,1,5.263157894736842,1
lucene/spatial/src/java/org/apache/lucene/spatial/spatial4j/geo3d/Plane.java_594baa6351eb19515efc5b46f6ec35cb34645149,0,1,1,100.0,1
solr/core/src/java/org/apache/solr/search/ExtendedDismaxQParser.java_048c4f527f38e8ab935170890274161f257a896a,0,9,9,18.181818181818183,1
lucene/spatial/src/java/org/apache/lucene/spatial/spatial4j/geo3d/Plane.java_cc2310f042ceffa8408b1368d3701779543dd355,0,1,1,100.0,1
lucene/spatial/src/java/org/apache/lucene/spatial/spatial4j/geo3d/GeoPath.java_49fa948c88d487f9d2d0fb3932d54c6dd8e62d82,0,1,1,5.263157894736842,1
lucene/spatial/src/java/org/apache/lucene/spatial/spatial4j/geo3d/GeoSouthLatitudeZone.java_594baa6351eb19515efc5b46f6ec35cb34645149,0,1,1,100.0,1
lucene/core/src/java/org/apache/lucene/search/spans/SpanTermQuery.java_57917b1acc35d0cee2d246e8dee6e4e99c1dd439,0,7,7,37.5,1
lucene/spatial/src/java/org/apache/lucene/spatial/spatial4j/geo3d/Bounds.java_cc2310f042ceffa8408b1368d3701779543dd355,0,1,1,100.0,1
lucene/spatial/src/java/org/apache/lucene/spatial/spatial4j/geo3d/Plane.java_4412ea56b890271f783b0ba75f5209a7b7c0689c,0,1,1,100.0,1
lucene/spatial/src/java/org/apache/lucene/spatial/spatial4j/geo3d/GeoCompositeMembershipShape.java_4412ea56b890271f783b0ba75f5209a7b7c0689c,0,1,1,100.0,1
lucene/queries/src/test/org/apache/lucene/queries/TestCustomScoreExplanations.java_048c4f527f38e8ab935170890274161f257a896a,0,0,0,0.0,1
solr/core/src/java/org/apache/solr/util/SolrPluginUtils.java_048c4f527f38e8ab935170890274161f257a896a,0,4,4,33.33333333333333,1
solr/core/src/java/org/apache/solr/search/SolrIndexSearcher.java_048c4f527f38e8ab935170890274161f257a896a,0,9,9,33.33333333333333,1
lucene/core/src/test/org/apache/lucene/search/TestTimeLimitingCollector.java_048c4f527f38e8ab935170890274161f257a896a,0,9,9,20.0,1
solr/core/src/test/org/apache/solr/search/TestMaxScoreQueryParser.java_048c4f527f38e8ab935170890274161f257a896a,0,2,2,50.0,1
lucene/spatial/src/java/org/apache/lucene/spatial/spatial4j/geo3d/GeoLatitudeZone.java_4412ea56b890271f783b0ba75f5209a7b7c0689c,0,1,1,100.0,1
lucene/core/src/test/org/apache/lucene/search/TestBooleanMinShouldMatch.java_94fc21d5d8ed8453f9321bcf5cd0cd1728a1ed9e,0,9,9,25.0,1
lucene/queries/src/test/org/apache/lucene/queries/function/TestValueSources.java_94fc21d5d8ed8453f9321bcf5cd0cd1728a1ed9e,0,7,7,26.666666666666668,1
lucene/spatial/src/java/org/apache/lucene/spatial/spatial4j/geo3d/GeoBBoxFactory.java_707b2fa5bad5e43b6f4356a1f431ffe362df245d,0,1,1,100.0,1
lucene/spatial/src/test/org/apache/lucene/spatial/spatial4j/Geo3dShapeRectRelationTest.java_cdbfe486029263bdeb258f61c0e0db834dce2995,0,1,1,100.0,1
lucene/core/src/test/org/apache/lucene/search/payloads/TestPayloadTermQuery.java_048c4f527f38e8ab935170890274161f257a896a,0,10,10,27.77777777777778,1
lucene/misc/src/test/org/apache/lucene/search/TestDiversifiedTopDocsCollector.java_94fc21d5d8ed8453f9321bcf5cd0cd1728a1ed9e,0,1,1,100.0,1
lucene/spatial/src/java/org/apache/lucene/spatial/spatial4j/geo3d/GeoWorld.java_594baa6351eb19515efc5b46f6ec35cb34645149,0,1,1,100.0,1
lucene/spatial/src/java/org/apache/lucene/spatial/spatial4j/geo3d/GeoWideSouthRectangle.java_aea3569525bd2bb536b2eaeb0817183dfc28c6cf,0,1,1,5.263157894736842,1
lucene/core/src/java/org/apache/lucene/search/BooleanWeight.java_048c4f527f38e8ab935170890274161f257a896a,0,3,3,75.0,1
lucene/spatial/src/java/org/apache/lucene/spatial/spatial4j/geo3d/Vector.java_aea3569525bd2bb536b2eaeb0817183dfc28c6cf,0,1,1,100.0,1
lucene/core/src/java/org/apache/lucene/index/FieldTermIterator.java_50131e61741f96ce0b7e59e7016848dba5a213d5,0,1,1,100.0,1
solr/core/src/java/org/apache/solr/search/facet/FacetRequest.java_048c4f527f38e8ab935170890274161f257a896a,0,1,1,100.0,1
lucene/queryparser/src/java/org/apache/lucene/queryparser/flexible/standard/builders/StandardBooleanQueryNodeBuilder.java_048c4f527f38e8ab935170890274161f257a896a,0,4,4,25.0,1
lucene/core/src/java/org/apache/lucene/search/BooleanWeight.java_94fc21d5d8ed8453f9321bcf5cd0cd1728a1ed9e,0,3,3,72.72727272727273,1
lucene/core/src/java/org/apache/lucene/search/FilteredQuery.java_048c4f527f38e8ab935170890274161f257a896a,5,5,10,30.0,1
lucene/core/src/test/org/apache/lucene/search/TestNot.java_048c4f527f38e8ab935170890274161f257a896a,0,5,5,33.33333333333333,1
lucene/core/src/test/org/apache/lucene/search/TestTermScorer.java_ce5a8d945f421ca0f236b8634c4f0dbb1fcf8074,4,5,9,27.27272727272727,1
lucene/spatial/src/java/org/apache/lucene/spatial/spatial4j/geo3d/GeoBaseExtendedShape.java_aea3569525bd2bb536b2eaeb0817183dfc28c6cf,0,1,1,100.0,1
lucene/spatial/src/java/org/apache/lucene/spatial/spatial4j/geo3d/GeoSouthRectangle.java_cc2310f042ceffa8408b1368d3701779543dd355,0,0,0,0.0,1
lucene/queryparser/src/java/org/apache/lucene/queryparser/surround/query/SimpleTermRewriteQuery.java_048c4f527f38e8ab935170890274161f257a896a,0,4,4,25.0,1
lucene/core/src/test/org/apache/lucene/TestSearchForDuplicates.java_048c4f527f38e8ab935170890274161f257a896a,0,9,9,20.0,1
lucene/spatial/src/java/org/apache/lucene/spatial/spatial4j/geo3d/GeoLatitudeZone.java_49fa948c88d487f9d2d0fb3932d54c6dd8e62d82,0,1,1,5.263157894736842,1
lucene/core/src/java/org/apache/lucene/search/TopTermsRewrite.java_048c4f527f38e8ab935170890274161f257a896a,0,8,8,22.22222222222222,1
lucene/spatial/src/java/org/apache/lucene/spatial/spatial4j/geo3d/GeoDegenerateHorizontalLine.java_aea3569525bd2bb536b2eaeb0817183dfc28c6cf,0,1,1,100.0,1
lucene/spatial/src/test/org/apache/lucene/spatial/spatial4j/geo3d/GeoBBoxTest.java_9d78eea0e6fb0c92d49a651c5d9f6346f73b005c,0,1,1,100.0,1
lucene/spatial/src/java/org/apache/lucene/spatial/spatial4j/geo3d/GeoWideLongitudeSlice.java_aea3569525bd2bb536b2eaeb0817183dfc28c6cf,0,1,1,100.0,1
lucene/join/src/test/org/apache/lucene/search/join/TestBlockJoin.java_048c4f527f38e8ab935170890274161f257a896a,6,6,12,24.0,1
lucene/queryparser/src/test/org/apache/lucene/queryparser/ext/TestExtendableQueryParser.java_048c4f527f38e8ab935170890274161f257a896a,0,3,3,66.66666666666666,1
lucene/core/src/test/org/apache/lucene/search/spans/TestSpansAdvanced2.java_048c4f527f38e8ab935170890274161f257a896a,0,6,6,37.5,1
lucene/spatial/src/test/org/apache/lucene/spatial/spatial4j/geo3d/GeoPathTest.java_49fa948c88d487f9d2d0fb3932d54c6dd8e62d82,0,1,1,5.263157894736842,1
solr/core/src/java/org/apache/solr/search/DisMaxQParser.java_048c4f527f38e8ab935170890274161f257a896a,0,4,4,25.0,1
lucene/spatial/src/java/org/apache/lucene/spatial/spatial4j/geo3d/GeoPoint.java_594baa6351eb19515efc5b46f6ec35cb34645149,0,1,1,100.0,1
lucene/core/src/test/org/apache/lucene/store/TestLock.java_e954702d437358f9e3a6b5a4e3097d083c62514c,0,2,2,50.0,1
lucene/core/src/java/org/apache/lucene/codecs/Codec.java_ab8dac54e97f02dbd77542c3a54e819172c9d731,2,3,5,65.38461538461539,1
lucene/queryparser/src/java/org/apache/lucene/queryparser/xml/builders/TermsQueryBuilder.java_048c4f527f38e8ab935170890274161f257a896a,0,4,4,25.0,1
lucene/spatial/src/java/org/apache/lucene/spatial/spatial4j/geo3d/GeoLongitudeSlice.java_aea3569525bd2bb536b2eaeb0817183dfc28c6cf,0,1,1,100.0,1
lucene/spatial/src/java/org/apache/lucene/spatial/spatial4j/geo3d/GeoConvexPolygon.java_4412ea56b890271f783b0ba75f5209a7b7c0689c,0,1,1,100.0,1
lucene/core/src/java/org/apache/lucene/search/spans/SpanPayloadCheckQuery.java_57917b1acc35d0cee2d246e8dee6e4e99c1dd439,0,4,4,40.0,1
lucene/spatial/src/java/org/apache/lucene/spatial/spatial4j/geo3d/GeoPath.java_594baa6351eb19515efc5b46f6ec35cb34645149,0,1,1,100.0,1
lucene/test-framework/src/test/org/apache/lucene/mockfile/TestWindowsFS.java_aea2b698c4f882bd8f4d945aed7110832688ac37,0,1,1,100.0,1
lucene/spatial/src/java/org/apache/lucene/spatial/spatial4j/geo3d/GeoLongitudeSlice.java_cc2310f042ceffa8408b1368d3701779543dd355,0,1,1,100.0,1
solr/core/src/java/org/apache/solr/search/MaxScoreQParser.java_048c4f527f38e8ab935170890274161f257a896a,0,2,2,66.66666666666666,1
lucene/spatial/src/java/org/apache/lucene/spatial/spatial4j/geo3d/GeoWorld.java_49fa948c88d487f9d2d0fb3932d54c6dd8e62d82,0,1,1,5.263157894736842,1
lucene/core/src/test/org/apache/lucene/search/TestLRUQueryCache.java_c99b68bffdecf3a329500a17a2bd594c9f7ffe06,0,4,4,55.55555555555556,1
lucene/core/src/java/org/apache/lucene/search/MultiTermQueryConstantScoreWrapper.java_6b0a2d6b1cac0b7d9083e5caa0e7055903d55644,0,2,2,66.66666666666666,1
solr/core/src/test/org/apache/solr/schema/PolyFieldTest.java_048c4f527f38e8ab935170890274161f257a896a,0,1,1,7.6923076923076925,1
lucene/spatial/src/test/org/apache/lucene/spatial/spatial4j/geo3d/GeoCircleTest.java_49fa948c88d487f9d2d0fb3932d54c6dd8e62d82,0,1,1,5.263157894736842,1
lucene/spatial/src/java/org/apache/lucene/spatial/spatial4j/geo3d/GeoNorthRectangle.java_aea3569525bd2bb536b2eaeb0817183dfc28c6cf,0,1,1,5.263157894736842,1
lucene/suggest/src/java/org/apache/lucene/search/spell/SpellChecker.java_048c4f527f38e8ab935170890274161f257a896a,7,4,11,30.434782608695656,1
lucene/test-framework/src/java/org/apache/lucene/mockfile/HandleTrackingFS.java_5538f9f7acdf927d714a1694f6c9e50b9bbd8c40,0,1,1,100.0,1
lucene/queries/src/test/org/apache/lucene/queries/TestCustomScoreQuery.java_048c4f527f38e8ab935170890274161f257a896a,0,7,7,42.857142857142854,1
lucene/spatial/src/java/org/apache/lucene/spatial/spatial4j/geo3d/GeoDistance.java_49fa948c88d487f9d2d0fb3932d54c6dd8e62d82,0,1,1,5.263157894736842,1
lucene/core/src/test/org/apache/lucene/index/TestIndexWriterReader.java_c431928538ad47d90215972dcf1feadc8ef39267,5,4,9,33.33333333333333,1
lucene/misc/src/test/org/apache/lucene/uninverting/TestFieldCacheSortRandom.java_048c4f527f38e8ab935170890274161f257a896a,0,2,2,62.5,1
lucene/spatial/src/java/org/apache/lucene/spatial/spatial4j/geo3d/GeoDegenerateLatitudeZone.java_4412ea56b890271f783b0ba75f5209a7b7c0689c,0,1,1,100.0,1
lucene/spatial/src/test/org/apache/lucene/spatial/spatial4j/Geo3dRptTest.java_aea3569525bd2bb536b2eaeb0817183dfc28c6cf,0,1,1,100.0,1
lucene/queryparser/src/java/org/apache/lucene/queryparser/surround/query/NotQuery.java_048c4f527f38e8ab935170890274161f257a896a,0,2,2,50.0,1
lucene/spatial/src/java/org/apache/lucene/spatial/spatial4j/geo3d/GeoWideNorthRectangle.java_aea3569525bd2bb536b2eaeb0817183dfc28c6cf,0,1,1,5.263157894736842,1
lucene/queries/src/java/org/apache/lucene/queries/TermsQuery.java_b57014be2bb31609cd1b534dddf30619c04b6b37,0,3,3,80.0,1
lucene/sandbox/src/java/org/apache/lucene/sandbox/queries/FuzzyLikeThisQuery.java_048c4f527f38e8ab935170890274161f257a896a,0,6,6,50.0,1
lucene/core/src/java/org/apache/lucene/search/ConstantScoreWeight.java_c99b68bffdecf3a329500a17a2bd594c9f7ffe06,0,2,2,66.66666666666666,1
lucene/core/src/java/org/apache/lucene/index/PrefixCodedTerms.java_b57014be2bb31609cd1b534dddf30619c04b6b37,0,5,5,30.0,1
lucene/test-framework/src/java/org/apache/lucene/search/BaseExplanationTestCase.java_048c4f527f38e8ab935170890274161f257a896a,0,3,3,60.0,1
lucene/spatial/src/java/org/apache/lucene/spatial/spatial4j/geo3d/GeoDistanceShape.java_49fa948c88d487f9d2d0fb3932d54c6dd8e62d82,0,1,1,5.263157894736842,1
lucene/spatial/src/java/org/apache/lucene/spatial/spatial4j/geo3d/GeoCompositeMembershipShape.java_49fa948c88d487f9d2d0fb3932d54c6dd8e62d82,0,1,1,5.263157894736842,1
lucene/core/src/java/org/apache/lucene/store/VerifyingLockFactory.java_e954702d437358f9e3a6b5a4e3097d083c62514c,0,5,5,37.5,1
lucene/queries/src/test/org/apache/lucene/queries/TermsQueryTest.java_048c4f527f38e8ab935170890274161f257a896a,0,2,2,60.0,1
lucene/spatial/src/java/org/apache/lucene/spatial/spatial4j/geo3d/SidedPlane.java_aea3569525bd2bb536b2eaeb0817183dfc28c6cf,0,0,0,0.0,1
solr/core/src/test/org/apache/solr/store/hdfs/HdfsLockFactoryTest.java_e954702d437358f9e3a6b5a4e3097d083c62514c,0,5,5,55.55555555555556,1
lucene/spatial/src/java/org/apache/lucene/spatial/spatial4j/geo3d/GeoWideRectangle.java_49fa948c88d487f9d2d0fb3932d54c6dd8e62d82,0,1,1,5.263157894736842,1
lucene/spatial/src/java/org/apache/lucene/spatial/spatial4j/geo3d/GeoDegeneratePoint.java_cc2310f042ceffa8408b1368d3701779543dd355,0,1,1,100.0,1
lucene/core/src/java/org/apache/lucene/search/FieldValueQuery.java_c99b68bffdecf3a329500a17a2bd594c9f7ffe06,0,3,3,60.0,1
lucene/spatial/src/java/org/apache/lucene/spatial/spatial4j/geo3d/GeoDegenerateLongitudeSlice.java_594baa6351eb19515efc5b46f6ec35cb34645149,0,1,1,100.0,1
lucene/core/src/test/org/apache/lucene/search/TestBooleanScorer.java_048c4f527f38e8ab935170890274161f257a896a,4,5,9,32.35294117647059,1
lucene/spatial/src/java/org/apache/lucene/spatial/spatial4j/geo3d/Vector.java_cdbfe486029263bdeb258f61c0e0db834dce2995,0,1,1,100.0,1
lucene/spatial/src/test/org/apache/lucene/spatial/spatial4j/geo3d/PlaneTest.java_cc2310f042ceffa8408b1368d3701779543dd355,0,1,1,5.263157894736842,1
lucene/core/src/java/org/apache/lucene/search/PhraseQuery.java_94fc21d5d8ed8453f9321bcf5cd0cd1728a1ed9e,4,6,10,36.84210526315789,1
lucene/spatial/src/java/org/apache/lucene/spatial/spatial4j/geo3d/GeoPolygonFactory.java_594baa6351eb19515efc5b46f6ec35cb34645149,0,1,1,100.0,1
lucene/core/src/test/org/apache/lucene/util/packed/TestEliasFanoDocIdSet.java_f9ef24b14bfb65dab19c3a85f3c3117d484a722a,0,1,1,100.0,1
lucene/spatial/src/java/org/apache/lucene/spatial/spatial4j/geo3d/GeoBaseExtendedShape.java_49fa948c88d487f9d2d0fb3932d54c6dd8e62d82,0,1,1,5.263157894736842,1
lucene/spatial/src/java/org/apache/lucene/spatial/spatial4j/geo3d/GeoBBox.java_49fa948c88d487f9d2d0fb3932d54c6dd8e62d82,0,1,1,5.263157894736842,1
lucene/core/src/test/org/apache/lucene/search/TestPhraseQuery.java_048c4f527f38e8ab935170890274161f257a896a,7,4,11,23.809523809523807,1
lucene/core/src/java/org/apache/lucene/index/IndexWriter.java_c77d5fb32e85403ad070580dd845177c515ee967,12,5,17,43.30708661417323,1
lucene/queryparser/src/test/org/apache/lucene/queryparser/classic/TestMultiFieldQueryParser.java_048c4f527f38e8ab935170890274161f257a896a,0,7,7,47.05882352941176,1
lucene/core/src/test/org/apache/lucene/search/spans/TestSpans.java_94fc21d5d8ed8453f9321bcf5cd0cd1728a1ed9e,4,5,9,27.27272727272727,1
lucene/spatial/src/java/org/apache/lucene/spatial/spatial4j/geo3d/GeoNorthRectangle.java_594baa6351eb19515efc5b46f6ec35cb34645149,0,1,1,100.0,1
lucene/spatial/src/java/org/apache/lucene/spatial/spatial4j/geo3d/GeoLongitudeSlice.java_594baa6351eb19515efc5b46f6ec35cb34645149,0,1,1,100.0,1
lucene/core/src/test/org/apache/lucene/search/TestApproximationSearchEquivalence.java_048c4f527f38e8ab935170890274161f257a896a,0,1,1,100.0,1
lucene/core/src/java/org/apache/lucene/document/FieldType.java_3b7def63bc222f6bf1410437afe24ea37e7f93c3,2,3,5,43.47826086956522,1
lucene/spatial/src/java/org/apache/lucene/spatial/spatial4j/geo3d/GeoDegenerateVerticalLine.java_4412ea56b890271f783b0ba75f5209a7b7c0689c,0,1,1,100.0,1
lucene/spatial/src/java/org/apache/lucene/spatial/spatial4j/geo3d/GeoBaseExtendedShape.java_4412ea56b890271f783b0ba75f5209a7b7c0689c,0,1,1,100.0,1
lucene/spatial/src/test/org/apache/lucene/spatial/spatial4j/geo3d/GeoBBoxTest.java_4412ea56b890271f783b0ba75f5209a7b7c0689c,0,1,1,100.0,1
lucene/spatial/src/test/org/apache/lucene/spatial/spatial4j/RectIntersectionTestHelper.java_fc2d5dba3009b03288135654fed6620f47531591,0,1,1,100.0,1
lucene/core/src/java/org/apache/lucene/index/PrefixCodedTerms.java_50131e61741f96ce0b7e59e7016848dba5a213d5,0,5,5,33.33333333333333,1
lucene/core/src/test/org/apache/lucene/search/spans/TestFieldMaskingSpanQuery.java_94fc21d5d8ed8453f9321bcf5cd0cd1728a1ed9e,0,7,7,27.27272727272727,1
lucene/spatial/src/test/org/apache/lucene/spatial/spatial4j/geo3d/GeoBBoxTest.java_49fa948c88d487f9d2d0fb3932d54c6dd8e62d82,0,1,1,5.263157894736842,1
lucene/spatial/src/java/org/apache/lucene/spatial/spatial4j/geo3d/GeoMembershipShape.java_49fa948c88d487f9d2d0fb3932d54c6dd8e62d82,0,1,1,5.263157894736842,1
lucene/spatial/src/java/org/apache/lucene/spatial/spatial4j/geo3d/GeoCompositeMembershipShape.java_aea3569525bd2bb536b2eaeb0817183dfc28c6cf,0,1,1,100.0,1
lucene/classification/src/java/org/apache/lucene/classification/CachingNaiveBayesClassifier.java_048c4f527f38e8ab935170890274161f257a896a,0,5,5,50.0,1
lucene/core/src/java/org/apache/lucene/index/TermContext.java_7c750fe4e1c8a726b2ea3763a38cdd4998220219,0,7,7,33.33333333333333,1
lucene/spatial/src/java/org/apache/lucene/spatial/spatial4j/geo3d/GeoBBoxFactory.java_594baa6351eb19515efc5b46f6ec35cb34645149,0,1,1,100.0,1
lucene/core/src/java/org/apache/lucene/util/BitUtil.java_f9ef24b14bfb65dab19c3a85f3c3117d484a722a,0,3,3,57.14285714285714,1
lucene/spatial/src/java/org/apache/lucene/spatial/spatial4j/geo3d/GeoConvexPolygon.java_cc2310f042ceffa8408b1368d3701779543dd355,0,1,1,100.0,1
lucene/core/src/java/org/apache/lucene/search/BooleanScorer.java_048c4f527f38e8ab935170890274161f257a896a,5,3,8,40.0,1
lucene/queryparser/src/test/org/apache/lucene/queryparser/classic/TestQueryParser.java_048c4f527f38e8ab935170890274161f257a896a,0,4,4,62.5,1
lucene/spatial/src/java/org/apache/lucene/spatial/spatial4j/geo3d/GeoNorthRectangle.java_4412ea56b890271f783b0ba75f5209a7b7c0689c,0,1,1,100.0,1
lucene/spatial/src/java/org/apache/lucene/spatial/spatial4j/geo3d/GeoDegenerateVerticalLine.java_aea3569525bd2bb536b2eaeb0817183dfc28c6cf,0,1,1,100.0,1
lucene/spatial/src/java/org/apache/lucene/spatial/spatial4j/geo3d/GeoBaseExtendedShape.java_594baa6351eb19515efc5b46f6ec35cb34645149,0,1,1,100.0,1
lucene/core/src/test/org/apache/lucene/search/similarities/TestSimilarity2.java_048c4f527f38e8ab935170890274161f257a896a,0,6,6,37.5,1
lucene/core/src/java/org/apache/lucene/search/spans/SpanFirstQuery.java_57917b1acc35d0cee2d246e8dee6e4e99c1dd439,0,4,4,40.0,1
lucene/spatial/src/test/org/apache/lucene/spatial/spatial4j/geo3d/GeoCircleTest.java_4412ea56b890271f783b0ba75f5209a7b7c0689c,0,0,0,0.0,1
lucene/spatial/src/java/org/apache/lucene/spatial/composite/ConstantScoreScorer.java_c99b68bffdecf3a329500a17a2bd594c9f7ffe06,0,0,0,0.0,1
lucene/spatial/src/java/org/apache/lucene/spatial/spatial4j/geo3d/GeoDegenerateHorizontalLine.java_4412ea56b890271f783b0ba75f5209a7b7c0689c,0,1,1,100.0,1
lucene/spatial/src/java/org/apache/lucene/spatial/spatial4j/geo3d/Bounds.java_4412ea56b890271f783b0ba75f5209a7b7c0689c,0,1,1,100.0,1
lucene/expressions/src/test/org/apache/lucene/expressions/TestExpressionSorts.java_048c4f527f38e8ab935170890274161f257a896a,0,5,5,42.857142857142854,1
lucene/highlighter/src/test/org/apache/lucene/search/vectorhighlight/FastVectorHighlighterTest.java_048c4f527f38e8ab935170890274161f257a896a,0,6,6,36.84210526315789,1
lucene/spatial/src/java/org/apache/lucene/spatial/spatial4j/geo3d/GeoWideLongitudeSlice.java_49fa948c88d487f9d2d0fb3932d54c6dd8e62d82,0,1,1,5.263157894736842,1
solr/core/src/java/org/apache/solr/schema/PointType.java_048c4f527f38e8ab935170890274161f257a896a,0,1,1,7.6923076923076925,1
lucene/queryparser/src/java/org/apache/lucene/queryparser/surround/query/DistanceQuery.java_048c4f527f38e8ab935170890274161f257a896a,0,2,2,50.0,1
lucene/test-framework/src/java/org/apache/lucene/analysis/CollationTestBase.java_048c4f527f38e8ab935170890274161f257a896a,0,8,8,33.33333333333333,1
lucene/spatial/src/java/org/apache/lucene/spatial/spatial4j/geo3d/Bounds.java_49fa948c88d487f9d2d0fb3932d54c6dd8e62d82,0,1,1,5.263157894736842,1
lucene/core/src/test/org/apache/lucene/search/TestSubScorerFreqs.java_048c4f527f38e8ab935170890274161f257a896a,0,9,9,21.052631578947366,1
lucene/spatial/src/test/org/apache/lucene/spatial/spatial4j/geo3d/GeoConvexPolygonTest.java_4412ea56b890271f783b0ba75f5209a7b7c0689c,0,1,1,100.0,1
lucene/core/src/test/org/apache/lucene/index/TestIndexWriter.java_c77d5fb32e85403ad070580dd845177c515ee967,10,3,13,39.735099337748345,1
lucene/spatial/src/java/org/apache/lucene/spatial/spatial4j/geo3d/GeoBBox.java_4412ea56b890271f783b0ba75f5209a7b7c0689c,0,0,0,0.0,1
lucene/core/src/test/org/apache/lucene/search/spans/TestSpansAdvanced.java_048c4f527f38e8ab935170890274161f257a896a,0,7,7,18.181818181818183,1
lucene/core/src/test/org/apache/lucene/search/TestQueryWrapperFilter.java_048c4f527f38e8ab935170890274161f257a896a,0,6,6,50.0,1
lucene/core/src/java/org/apache/lucene/search/MultiTermQueryConstantScoreWrapper.java_c99b68bffdecf3a329500a17a2bd594c9f7ffe06,0,2,2,50.0,1
lucene/spatial/src/java/org/apache/lucene/spatial/spatial4j/geo3d/GeoWideSouthRectangle.java_4412ea56b890271f783b0ba75f5209a7b7c0689c,0,1,1,100.0,1
lucene/spatial/src/java/org/apache/lucene/spatial/spatial4j/geo3d/Membership.java_4412ea56b890271f783b0ba75f5209a7b7c0689c,0,1,1,100.0,1
lucene/core/src/test/org/apache/lucene/search/TestMinShouldMatch2.java_048c4f527f38e8ab935170890274161f257a896a,1,5,6,45.45454545454545,1
lucene/queries/src/test/org/apache/lucene/queries/TermsQueryTest.java_50131e61741f96ce0b7e59e7016848dba5a213d5,0,2,2,66.66666666666666,1
lucene/queryparser/src/test/org/apache/lucene/queryparser/flexible/standard/TestStandardQP.java_048c4f527f38e8ab935170890274161f257a896a,0,1,1,100.0,1
lucene/spatial/src/java/org/apache/lucene/spatial/spatial4j/geo3d/GeoWideDegenerateHorizontalLine.java_aea3569525bd2bb536b2eaeb0817183dfc28c6cf,0,1,1,100.0,1
lucene/core/src/test/org/apache/lucene/search/TestMultiTermConstantScore.java_048c4f527f38e8ab935170890274161f257a896a,0,9,9,26.666666666666668,1
solr/core/src/java/org/apache/solr/search/JoinQParserPlugin.java_c99b68bffdecf3a329500a17a2bd594c9f7ffe06,0,7,7,41.66666666666667,1
solr/core/src/test/org/apache/solr/search/TestSearcherReuse.java_c77d5fb32e85403ad070580dd845177c515ee967,0,4,4,40.0,1
lucene/core/src/java/org/apache/lucene/search/spans/SpanWeight.java_94fc21d5d8ed8453f9321bcf5cd0cd1728a1ed9e,0,7,7,25.0,1
lucene/highlighter/src/java/org/apache/lucene/search/postingshighlight/MultiTermHighlighting.java_048c4f527f38e8ab935170890274161f257a896a,0,4,4,25.0,1
lucene/core/src/java/org/apache/lucene/search/MultiPhraseQuery.java_048c4f527f38e8ab935170890274161f257a896a,6,6,12,36.95652173913043,1
lucene/spatial/src/java/org/apache/lucene/spatial/spatial4j/geo3d/GeoBBoxFactory.java_49fa948c88d487f9d2d0fb3932d54c6dd8e62d82,0,1,1,5.263157894736842,1
lucene/core/src/test/org/apache/lucene/search/spans/TestBasics.java_048c4f527f38e8ab935170890274161f257a896a,8,3,11,39.130434782608695,1
lucene/core/src/java/org/apache/lucene/index/FilterLeafReader.java_61c4da8fa3e73c6296df96068163c91f5f47716f,0,5,5,33.33333333333333,1
lucene/spatial/src/java/org/apache/lucene/spatial/spatial4j/geo3d/SidedPlane.java_cc2310f042ceffa8408b1368d3701779543dd355,0,1,1,100.0,1
lucene/core/src/test/org/apache/lucene/search/TestTimeLimitingCollector.java_57b6a948576cfc1fa23d28c17a2375eac5a808ca,0,8,8,23.076923076923077,1
lucene/spatial/src/java/org/apache/lucene/spatial/spatial4j/geo3d/GeoSizeable.java_49fa948c88d487f9d2d0fb3932d54c6dd8e62d82,0,1,1,5.263157894736842,1
lucene/spatial/src/java/org/apache/lucene/spatial/spatial4j/geo3d/GeoWideRectangle.java_cc2310f042ceffa8408b1368d3701779543dd355,0,1,1,100.0,1
lucene/spatial/src/java/org/apache/lucene/spatial/spatial4j/geo3d/GeoArea.java_49fa948c88d487f9d2d0fb3932d54c6dd8e62d82,0,1,1,5.263157894736842,1
lucene/spatial/src/java/org/apache/lucene/spatial/spatial4j/geo3d/GeoArea.java_594baa6351eb19515efc5b46f6ec35cb34645149,0,1,1,100.0,1
solr/core/src/java/org/apache/solr/handler/MoreLikeThisHandler.java_048c4f527f38e8ab935170890274161f257a896a,0,4,4,25.0,1
